2026-08-17T14:14:00.156Z New Invo portfolio not in copy-config.json — not copying: crypto_rocket / Casino
2026-08-17T14:14:00.159Z New Invo portfolio not in copy-config.json — not copying: crypto_rocket / Swings
2026-08-17T14:14:00.163Z New Invo portfolio not in copy-config.json — not copying: archiduc / 100$ - 1000$ (Done!)
2026-08-17T14:14:00.164Z New Invo portfolio not in copy-config.json — not copying: archiduc / Moon mission
2026-08-17T14:41:55.446Z Fetcher snapshot is over 60s old and no fetcher lock — is fetch-live-opens --watch running?
2026-08-17T18:15:53.645Z copy tick failed: Unexpected token '<', "<html>
<h"... is not valid JSON
2026-08-17T18:15:53.850Z copy tick failed: Unexpected token '<', "<html>
<h"... is not valid JSON
2026-08-17T18:15:54.039Z copy tick failed: Unexpected token '<', "<html>
<h"... is not valid JSON
2026-08-17T18:15:55.000Z copy tick failed: Unexpected token '<', "<html>
<h"... is not valid JSON
2026-08-17T18:15:56.131Z copy tick failed: Unexpected token '<', "<html>
<h"... is not valid JSON
2026-08-17T18:15:57.018Z copy tick failed: Unexpected token '<', "<html>
<h"... is not valid JSON
2026-08-17T18:15:58.023Z copy tick failed: Unexpected token '<', "<html>
<h"... is not valid JSON
2026-08-17T18:15:59.152Z copy tick failed: Unexpected token '<', "<html>
<h"... is not valid JSON
2026-08-17T18:16:00.043Z copy tick failed: Unexpected token '<', "<html>
<h"... is not valid JSON
2026-08-17T18:16:01.045Z copy tick failed: Unexpected token '<', "<html>
<h"... is not valid JSON
2026-08-17T18:16:02.055Z copy tick failed: Unexpected token '<', "<html>
<h"... is not valid JSON
2026-08-17T18:16:03.204Z copy tick failed: Unexpected token '<', "<html>
<h"... is not valid JSON
2026-08-17T18:16:04.104Z copy tick failed: Unexpected token '<', "<html>
<h"... is not valid JSON
2026-08-17T18:16:05.227Z copy tick failed: Unexpected token '<', "<html>
<h"... is not valid JSON
2026-08-17T18:16:06.240Z copy tick failed: Unexpected token '<', "<html>
<h"... is not valid JSON
2026-08-17T18:16:07.094Z copy tick failed: Unexpected token '<', "<html>
<h"... is not valid JSON
2026-08-17T18:16:08.093Z copy tick failed: Unexpected token '<', "<html>
<h"... is not valid JSON
2026-08-17T18:16:09.105Z copy tick failed: Unexpected token '<', "<html>
<h"... is not valid JSON
2026-08-17T18:16:10.249Z copy tick failed: Unexpected token '<', "<html>
<h"... is not valid JSON
2026-08-17T18:16:11.123Z copy tick failed: Unexpected token '<', "<html>
<h"... is not valid JSON
2026-08-17T18:16:11.722Z copy tick failed: Unexpected token '<', "<html>
<h"... is not valid JSON
2026-08-17T18:16:11.928Z copy tick failed: Unexpected token '<', "<html>
<h"... is not valid JSON
2026-08-17T18:16:12.137Z copy tick failed: Unexpected token '<', "<html>
<h"... is not valid JSON
2026-08-17T18:16:13.153Z copy tick failed: Unexpected token '<', "<html>
<h"... is not valid JSON
2026-08-17T18:16:14.159Z copy tick failed: Unexpected token '<', "<html>
<h"... is not valid JSON
2026-08-17T18:16:15.308Z copy tick failed: Unexpected token '<', "<html>
<h"... is not valid JSON
2026-08-17T18:16:16.319Z copy tick failed: Unexpected token '<', "<html>
<h"... is not valid JSON
2026-08-17T18:16:17.219Z copy tick failed: Unexpected token '<', "<html>
<h"... is not valid JSON
2026-08-17T18:16:18.210Z copy tick failed: Unexpected token '<', "<html>
<h"... is not valid JSON
2026-08-17T18:16:19.205Z copy tick failed: Unexpected token '<', "<html>
<h"... is not valid JSON
2026-08-17T18:16:20.223Z copy tick failed: Unexpected token '<', "<html>
<h"... is not valid JSON
2026-08-17T18:16:21.232Z copy tick failed: Unexpected token '<', "<html>
<h"... is not valid JSON
2026-08-17T18:16:22.236Z copy tick failed: Unexpected token '<', "<html>
<h"... is not valid JSON
2026-08-17T18:16:23.248Z copy tick failed: Unexpected token '<', "<html>
<h"... is not valid JSON
2026-08-17T18:16:24.260Z copy tick failed: Unexpected token '<', "<html>
<h"... is not valid JSON
2026-08-17T18:16:25.267Z copy tick failed: Unexpected token '<', "<html>
<h"... is not valid JSON
2026-08-17T18:16:26.408Z copy tick failed: Unexpected token '<', "<html>
<h"... is not valid JSON
2026-08-17T18:16:27.315Z copy tick failed: Unexpected token '<', "<html>
<h"... is not valid JSON
2026-08-17T18:16:28.306Z copy tick failed: Unexpected token '<', "<html>
<h"... is not valid JSON
2026-08-17T18:16:29.447Z copy tick failed: Unexpected token '<', "<html>
<h"... is not valid JSON
2026-08-17T18:16:30.172Z copy tick failed: Unexpected token '<', "<html>
<h"... is not valid JSON
2026-08-17T18:16:30.381Z copy tick failed: Unexpected token '<', "<html>
<h"... is not valid JSON
2026-08-17T18:16:31.365Z copy tick failed: Unexpected token '<', "<html>
<h"... is not valid JSON
2026-08-17T18:16:32.499Z copy tick failed: Unexpected token '<', "<html>
<h"... is not valid JSON
2026-08-17T18:16:33.371Z copy tick failed: Unexpected token '<', "<html>
<h"... is not valid JSON
2026-08-17T18:16:34.514Z copy tick failed: Unexpected token '<', "<html>
<h"... is not valid JSON
2026-08-17T18:16:35.380Z copy tick failed: Unexpected token '<', "<html>
<h"... is not valid JSON
2026-08-17T18:16:36.384Z copy tick failed: Unexpected token '<', "<html>
<h"... is not valid JSON
2026-08-17T18:16:37.392Z copy tick failed: Unexpected token '<', "<html>
<h"... is not valid JSON
2026-08-17T18:16:38.410Z copy tick failed: Unexpected token '<', "<html>
<h"... is not valid JSON
2026-08-17T18:16:39.422Z copy tick failed: Unexpected token '<', "<html>
<h"... is not valid JSON
2026-08-17T18:16:40.572Z copy tick failed: Unexpected token '<', "<html>
<h"... is not valid JSON
2026-08-17T18:16:41.446Z copy tick failed: Unexpected token '<', "<html>
<h"... is not valid JSON
2026-08-17T18:16:42.458Z copy tick failed: Unexpected token '<', "<html>
<h"... is not valid JSON
2026-08-17T18:16:43.463Z copy tick failed: Unexpected token '<', "<html>
<h"... is not valid JSON
2026-08-17T18:16:44.476Z copy tick failed: Unexpected token '<', "<html>
<h"... is not valid JSON
2026-08-17T18:16:45.476Z copy tick failed: Unexpected token '<', "<html>
<h"... is not valid JSON
2026-08-17T18:16:46.629Z copy tick failed: Unexpected token '<', "<html>
<h"... is not valid JSON
2026-08-17T18:16:47.530Z copy tick failed: Unexpected token '<', "<html>
<h"... is not valid JSON
2026-08-17T18:39:02.224Z SKIP crypto_rocket/Main CASHCAT short 76f9fd6c-200d-4f39-93e0-f000f24501b6: HL order failed: Order could not immediately match against any resting orders. asset=209
2026-08-17T18:55:24.241Z SKIP crypto_rocket/Main NIL short 5f371c9a-262b-453e-b9f1-bad1918e8612: HL order failed: Order must have minimum value of $10. asset=164
2026-08-17T19:02:28.676Z SKIP crypto_rocket/Main NIL short 5f9d71de-19ef-40a8-b68e-e41a26175629: HL order failed: Order must have minimum value of $10. asset=164
2026-08-17T19:03:04.636Z Resize failed BTC 0129859f-b335-41c0-96dc-a8e3df8dc2ca: Order must have minimum value of $10. asset=3
2026-08-17T19:03:25.105Z Resize failed BTC 0129859f-b335-41c0-96dc-a8e3df8dc2ca: Order must have minimum value of $10. asset=3
2026-08-17T19:03:45.505Z Resize failed BTC 0129859f-b335-41c0-96dc-a8e3df8dc2ca: Order must have minimum value of $10. asset=3
2026-08-17T19:04:05.672Z Resize failed BTC 0129859f-b335-41c0-96dc-a8e3df8dc2ca: Order must have minimum value of $10. asset=3
2026-08-17T19:04:25.780Z Resize failed BTC 0129859f-b335-41c0-96dc-a8e3df8dc2ca: Order must have minimum value of $10. asset=3
2026-08-17T19:04:46.042Z Resize failed BTC 0129859f-b335-41c0-96dc-a8e3df8dc2ca: Order must have minimum value of $10. asset=3
2026-08-17T19:05:06.162Z Resize failed BTC 0129859f-b335-41c0-96dc-a8e3df8dc2ca: Order must have minimum value of $10. asset=3
2026-08-17T19:05:29.486Z Resize failed BTC 0129859f-b335-41c0-96dc-a8e3df8dc2ca: Order must have minimum value of $10. asset=3
2026-08-17T19:05:49.531Z Resize failed BTC 0129859f-b335-41c0-96dc-a8e3df8dc2ca: Order must have minimum value of $10. asset=3
2026-08-17T19:06:11.260Z Resize failed BTC 0129859f-b335-41c0-96dc-a8e3df8dc2ca: Order must have minimum value of $10. asset=3
2026-08-17T19:06:31.459Z Resize failed BTC 0129859f-b335-41c0-96dc-a8e3df8dc2ca: Order must have minimum value of $10. asset=3
2026-08-17T19:06:51.305Z Resize failed BTC 0129859f-b335-41c0-96dc-a8e3df8dc2ca: Order must have minimum value of $10. asset=3
2026-08-17T19:07:11.757Z Resize failed BTC 0129859f-b335-41c0-96dc-a8e3df8dc2ca: Order must have minimum value of $10. asset=3
2026-08-17T19:07:31.402Z Resize failed BTC 0129859f-b335-41c0-96dc-a8e3df8dc2ca: Order must have minimum value of $10. asset=3
2026-08-17T19:07:51.376Z Resize failed BTC 0129859f-b335-41c0-96dc-a8e3df8dc2ca: Order must have minimum value of $10. asset=3
2026-08-17T19:08:11.667Z Resize failed BTC 0129859f-b335-41c0-96dc-a8e3df8dc2ca: Order must have minimum value of $10. asset=3
2026-08-17T19:08:31.779Z Resize failed BTC 0129859f-b335-41c0-96dc-a8e3df8dc2ca: Order must have minimum value of $10. asset=3
2026-08-17T19:08:52.352Z Resize failed BTC 0129859f-b335-41c0-96dc-a8e3df8dc2ca: Order must have minimum value of $10. asset=3
2026-08-17T19:09:12.401Z Resize failed BTC 0129859f-b335-41c0-96dc-a8e3df8dc2ca: Order must have minimum value of $10. asset=3
2026-08-17T19:09:32.571Z Resize failed BTC 0129859f-b335-41c0-96dc-a8e3df8dc2ca: Order must have minimum value of $10. asset=3
2026-08-17T19:09:53.125Z Resize failed BTC 0129859f-b335-41c0-96dc-a8e3df8dc2ca: Order must have minimum value of $10. asset=3
2026-08-17T19:10:12.943Z Resize failed BTC 0129859f-b335-41c0-96dc-a8e3df8dc2ca: Order must have minimum value of $10. asset=3
2026-08-17T19:10:33.447Z Resize failed BTC 0129859f-b335-41c0-96dc-a8e3df8dc2ca: Order must have minimum value of $10. asset=3
2026-08-17T19:10:53.622Z Resize failed BTC 0129859f-b335-41c0-96dc-a8e3df8dc2ca: Order must have minimum value of $10. asset=3
2026-08-17T19:11:13.934Z Resize failed BTC 0129859f-b335-41c0-96dc-a8e3df8dc2ca: Order must have minimum value of $10. asset=3
2026-08-17T19:11:34.614Z Resize failed BTC 0129859f-b335-41c0-96dc-a8e3df8dc2ca: Order must have minimum value of $10. asset=3
2026-08-17T19:11:54.705Z Resize failed BTC 0129859f-b335-41c0-96dc-a8e3df8dc2ca: Order must have minimum value of $10. asset=3
2026-08-17T19:12:15.091Z Resize failed BTC 0129859f-b335-41c0-96dc-a8e3df8dc2ca: Order must have minimum value of $10. asset=3
2026-08-17T19:12:35.876Z Resize failed BTC 0129859f-b335-41c0-96dc-a8e3df8dc2ca: Order must have minimum value of $10. asset=3
2026-08-17T19:12:55.932Z Resize failed BTC 0129859f-b335-41c0-96dc-a8e3df8dc2ca: Order must have minimum value of $10. asset=3
2026-08-17T19:13:16.439Z Resize failed BTC 0129859f-b335-41c0-96dc-a8e3df8dc2ca: Order must have minimum value of $10. asset=3
2026-08-17T19:13:36.860Z Resize failed BTC 0129859f-b335-41c0-96dc-a8e3df8dc2ca: Order must have minimum value of $10. asset=3
2026-08-17T19:13:57.438Z Resize failed BTC 0129859f-b335-41c0-96dc-a8e3df8dc2ca: Order must have minimum value of $10. asset=3
2026-08-17T19:14:17.831Z Resize failed BTC 0129859f-b335-41c0-96dc-a8e3df8dc2ca: Order must have minimum value of $10. asset=3
2026-08-17T19:14:37.884Z Resize failed BTC 0129859f-b335-41c0-96dc-a8e3df8dc2ca: Order must have minimum value of $10. asset=3
2026-08-17T19:14:58.021Z Resize failed BTC 0129859f-b335-41c0-96dc-a8e3df8dc2ca: Order must have minimum value of $10. asset=3
2026-08-17T19:15:18.608Z Resize failed BTC 0129859f-b335-41c0-96dc-a8e3df8dc2ca: Order must have minimum value of $10. asset=3
2026-08-17T19:15:38.722Z Resize failed BTC 0129859f-b335-41c0-96dc-a8e3df8dc2ca: Order must have minimum value of $10. asset=3
2026-08-17T19:15:58.958Z Resize failed BTC 0129859f-b335-41c0-96dc-a8e3df8dc2ca: Order must have minimum value of $10. asset=3
2026-08-17T19:16:21.780Z Resize failed BTC 0129859f-b335-41c0-96dc-a8e3df8dc2ca: Order must have minimum value of $10. asset=3
2026-08-17T19:16:42.052Z Resize failed BTC 0129859f-b335-41c0-96dc-a8e3df8dc2ca: Order must have minimum value of $10. asset=3
2026-08-17T19:17:02.438Z Resize failed BTC 0129859f-b335-41c0-96dc-a8e3df8dc2ca: Order must have minimum value of $10. asset=3
2026-08-17T19:17:22.870Z Resize failed BTC 0129859f-b335-41c0-96dc-a8e3df8dc2ca: Order must have minimum value of $10. asset=3
2026-08-17T19:17:43.022Z Resize failed BTC 0129859f-b335-41c0-96dc-a8e3df8dc2ca: Order must have minimum value of $10. asset=3
2026-08-17T19:18:03.415Z Resize failed BTC 0129859f-b335-41c0-96dc-a8e3df8dc2ca: Order must have minimum value of $10. asset=3
2026-08-17T19:18:23.998Z Resize failed BTC 0129859f-b335-41c0-96dc-a8e3df8dc2ca: Order must have minimum value of $10. asset=3
2026-08-17T19:18:43.808Z Resize failed BTC 0129859f-b335-41c0-96dc-a8e3df8dc2ca: Order must have minimum value of $10. asset=3
2026-08-17T19:19:03.823Z Resize failed BTC 0129859f-b335-41c0-96dc-a8e3df8dc2ca: Order must have minimum value of $10. asset=3
2026-08-17T19:19:23.578Z Resize failed BTC 0129859f-b335-41c0-96dc-a8e3df8dc2ca: Order must have minimum value of $10. asset=3
2026-08-17T19:19:43.800Z Resize failed BTC 0129859f-b335-41c0-96dc-a8e3df8dc2ca: Order must have minimum value of $10. asset=3
2026-08-17T19:20:03.519Z Resize failed BTC 0129859f-b335-41c0-96dc-a8e3df8dc2ca: Order must have minimum value of $10. asset=3
2026-08-17T19:20:23.339Z Resize failed BTC 0129859f-b335-41c0-96dc-a8e3df8dc2ca: Order must have minimum value of $10. asset=3
2026-08-17T19:20:43.600Z Resize failed BTC 0129859f-b335-41c0-96dc-a8e3df8dc2ca: Order must have minimum value of $10. asset=3
2026-08-17T19:21:03.756Z Resize failed BTC 0129859f-b335-41c0-96dc-a8e3df8dc2ca: Order must have minimum value of $10. asset=3
2026-08-17T19:21:23.696Z Resize failed BTC 0129859f-b335-41c0-96dc-a8e3df8dc2ca: Order must have minimum value of $10. asset=3
2026-08-17T19:21:43.779Z Resize failed BTC 0129859f-b335-41c0-96dc-a8e3df8dc2ca: Order must have minimum value of $10. asset=3
2026-08-17T19:22:03.796Z Resize failed BTC 0129859f-b335-41c0-96dc-a8e3df8dc2ca: Order must have minimum value of $10. asset=3
2026-08-17T19:22:23.859Z Resize failed BTC 0129859f-b335-41c0-96dc-a8e3df8dc2ca: Order must have minimum value of $10. asset=3
2026-08-17T19:22:43.566Z Resize failed BTC 0129859f-b335-41c0-96dc-a8e3df8dc2ca: Order must have minimum value of $10. asset=3
2026-08-17T19:23:03.683Z Resize failed BTC 0129859f-b335-41c0-96dc-a8e3df8dc2ca: Order must have minimum value of $10. asset=3
2026-08-17T19:23:23.574Z Resize failed BTC 0129859f-b335-41c0-96dc-a8e3df8dc2ca: Order must have minimum value of $10. asset=3
2026-08-17T19:23:44.053Z Resize failed BTC 0129859f-b335-41c0-96dc-a8e3df8dc2ca: Order must have minimum value of $10. asset=3
2026-08-17T19:24:04.575Z Resize failed BTC 0129859f-b335-41c0-96dc-a8e3df8dc2ca: Order must have minimum value of $10. asset=3
2026-08-17T19:24:24.894Z Resize failed BTC 0129859f-b335-41c0-96dc-a8e3df8dc2ca: Order must have minimum value of $10. asset=3
2026-08-17T19:24:44.957Z Resize failed BTC 0129859f-b335-41c0-96dc-a8e3df8dc2ca: Order must have minimum value of $10. asset=3
2026-08-17T19:25:04.689Z Resize failed BTC 0129859f-b335-41c0-96dc-a8e3df8dc2ca: Order must have minimum value of $10. asset=3
2026-08-17T19:25:24.539Z Resize failed BTC 0129859f-b335-41c0-96dc-a8e3df8dc2ca: Order must have minimum value of $10. asset=3
2026-08-17T19:25:44.815Z Resize failed BTC 0129859f-b335-41c0-96dc-a8e3df8dc2ca: Order must have minimum value of $10. asset=3
2026-08-17T19:26:04.668Z Resize failed BTC 0129859f-b335-41c0-96dc-a8e3df8dc2ca: Order must have minimum value of $10. asset=3
2026-08-17T19:26:24.915Z Resize failed BTC 0129859f-b335-41c0-96dc-a8e3df8dc2ca: Order must have minimum value of $10. asset=3
2026-08-17T19:26:45.364Z Resize failed BTC 0129859f-b335-41c0-96dc-a8e3df8dc2ca: Order must have minimum value of $10. asset=3
2026-08-17T19:27:05.543Z Resize failed BTC 0129859f-b335-41c0-96dc-a8e3df8dc2ca: Order must have minimum value of $10. asset=3
2026-08-17T19:27:25.678Z Resize failed BTC 0129859f-b335-41c0-96dc-a8e3df8dc2ca: Order must have minimum value of $10. asset=3
2026-08-17T19:27:45.503Z Resize failed BTC 0129859f-b335-41c0-96dc-a8e3df8dc2ca: Order must have minimum value of $10. asset=3
2026-08-17T19:28:05.697Z Resize failed BTC 0129859f-b335-41c0-96dc-a8e3df8dc2ca: Order must have minimum value of $10. asset=3
2026-08-17T19:28:25.917Z Resize failed BTC 0129859f-b335-41c0-96dc-a8e3df8dc2ca: Order must have minimum value of $10. asset=3
2026-08-17T19:28:45.876Z Resize failed BTC 0129859f-b335-41c0-96dc-a8e3df8dc2ca: Order must have minimum value of $10. asset=3
2026-08-17T19:29:05.764Z Resize failed BTC 0129859f-b335-41c0-96dc-a8e3df8dc2ca: Order must have minimum value of $10. asset=3
2026-08-17T19:29:26.156Z Resize failed BTC 0129859f-b335-41c0-96dc-a8e3df8dc2ca: Order must have minimum value of $10. asset=3
2026-08-17T19:29:46.336Z Resize failed BTC 0129859f-b335-41c0-96dc-a8e3df8dc2ca: Order must have minimum value of $10. asset=3
2026-08-17T19:30:06.332Z Resize failed BTC 0129859f-b335-41c0-96dc-a8e3df8dc2ca: Order must have minimum value of $10. asset=3
2026-08-17T19:30:26.434Z Resize failed BTC 0129859f-b335-41c0-96dc-a8e3df8dc2ca: Order must have minimum value of $10. asset=3
2026-08-17T19:30:46.696Z Resize failed BTC 0129859f-b335-41c0-96dc-a8e3df8dc2ca: Order must have minimum value of $10. asset=3
2026-08-17T19:31:07.423Z Resize failed BTC 0129859f-b335-41c0-96dc-a8e3df8dc2ca: Order must have minimum value of $10. asset=3
2026-08-17T19:31:27.661Z Resize failed BTC 0129859f-b335-41c0-96dc-a8e3df8dc2ca: Order must have minimum value of $10. asset=3
2026-08-17T19:31:48.379Z Resize failed BTC 0129859f-b335-41c0-96dc-a8e3df8dc2ca: Order must have minimum value of $10. asset=3
2026-08-17T19:32:08.726Z Resize failed BTC 0129859f-b335-41c0-96dc-a8e3df8dc2ca: Order must have minimum value of $10. asset=3
2026-08-17T19:32:29.259Z Resize failed BTC 0129859f-b335-41c0-96dc-a8e3df8dc2ca: Order must have minimum value of $10. asset=3
2026-08-17T19:32:49.752Z Resize failed BTC 0129859f-b335-41c0-96dc-a8e3df8dc2ca: Order must have minimum value of $10. asset=3
2026-08-17T19:33:12.120Z Resize failed BTC 0129859f-b335-41c0-96dc-a8e3df8dc2ca: Order must have minimum value of $10. asset=3
2026-08-17T19:33:32.185Z Resize failed BTC 0129859f-b335-41c0-96dc-a8e3df8dc2ca: Order must have minimum value of $10. asset=3
2026-08-17T19:33:52.261Z Resize failed BTC 0129859f-b335-41c0-96dc-a8e3df8dc2ca: Order must have minimum value of $10. asset=3
2026-08-17T19:34:12.529Z Resize failed BTC 0129859f-b335-41c0-96dc-a8e3df8dc2ca: Order must have minimum value of $10. asset=3
2026-08-17T19:34:32.662Z Resize failed BTC 0129859f-b335-41c0-96dc-a8e3df8dc2ca: Order must have minimum value of $10. asset=3
2026-08-17T19:34:53.043Z Resize failed BTC 0129859f-b335-41c0-96dc-a8e3df8dc2ca: Order must have minimum value of $10. asset=3
2026-08-17T19:35:13.564Z Resize failed BTC 0129859f-b335-41c0-96dc-a8e3df8dc2ca: Order must have minimum value of $10. asset=3
2026-08-17T19:35:33.911Z Resize failed BTC 0129859f-b335-41c0-96dc-a8e3df8dc2ca: Order must have minimum value of $10. asset=3
2026-08-17T19:35:54.078Z Resize failed BTC 0129859f-b335-41c0-96dc-a8e3df8dc2ca: Order must have minimum value of $10. asset=3
2026-08-17T19:36:14.126Z Resize failed BTC 0129859f-b335-41c0-96dc-a8e3df8dc2ca: Order must have minimum value of $10. asset=3
2026-08-17T19:36:34.320Z Resize failed BTC 0129859f-b335-41c0-96dc-a8e3df8dc2ca: Order must have minimum value of $10. asset=3
2026-08-17T19:36:54.778Z Resize failed BTC 0129859f-b335-41c0-96dc-a8e3df8dc2ca: Order must have minimum value of $10. asset=3
2026-08-17T19:37:14.988Z Resize failed BTC 0129859f-b335-41c0-96dc-a8e3df8dc2ca: Order must have minimum value of $10. asset=3
2026-08-17T19:37:35.187Z Resize failed BTC 0129859f-b335-41c0-96dc-a8e3df8dc2ca: Order must have minimum value of $10. asset=3
2026-08-17T19:37:55.780Z Resize failed BTC 0129859f-b335-41c0-96dc-a8e3df8dc2ca: Order must have minimum value of $10. asset=3
2026-08-17T19:38:16.026Z Resize failed BTC 0129859f-b335-41c0-96dc-a8e3df8dc2ca: Order must have minimum value of $10. asset=3
2026-08-17T19:38:36.251Z Resize failed BTC 0129859f-b335-41c0-96dc-a8e3df8dc2ca: Order must have minimum value of $10. asset=3
2026-08-17T19:38:56.357Z Resize failed BTC 0129859f-b335-41c0-96dc-a8e3df8dc2ca: Order must have minimum value of $10. asset=3
2026-08-17T19:39:17.362Z Resize failed BTC 0129859f-b335-41c0-96dc-a8e3df8dc2ca: Order must have minimum value of $10. asset=3
2026-08-17T19:39:37.700Z Resize failed BTC 0129859f-b335-41c0-96dc-a8e3df8dc2ca: Order must have minimum value of $10. asset=3
2026-08-17T19:39:57.875Z Resize failed BTC 0129859f-b335-41c0-96dc-a8e3df8dc2ca: Order must have minimum value of $10. asset=3
2026-08-17T19:40:18.868Z Resize failed BTC 0129859f-b335-41c0-96dc-a8e3df8dc2ca: Order must have minimum value of $10. asset=3
2026-08-17T19:40:38.655Z Resize failed BTC 0129859f-b335-41c0-96dc-a8e3df8dc2ca: Order must have minimum value of $10. asset=3
2026-08-17T19:40:58.656Z Resize failed BTC 0129859f-b335-41c0-96dc-a8e3df8dc2ca: Order must have minimum value of $10. asset=3
2026-08-17T19:41:18.924Z Resize failed BTC 0129859f-b335-41c0-96dc-a8e3df8dc2ca: Order must have minimum value of $10. asset=3
2026-08-17T19:41:39.299Z Resize failed BTC 0129859f-b335-41c0-96dc-a8e3df8dc2ca: Order must have minimum value of $10. asset=3
2026-08-17T19:41:59.888Z Resize failed BTC 0129859f-b335-41c0-96dc-a8e3df8dc2ca: Order must have minimum value of $10. asset=3
2026-08-17T19:42:20.591Z Resize failed BTC 0129859f-b335-41c0-96dc-a8e3df8dc2ca: Order must have minimum value of $10. asset=3
2026-08-17T19:42:40.797Z Resize failed BTC 0129859f-b335-41c0-96dc-a8e3df8dc2ca: Order must have minimum value of $10. asset=3
2026-08-17T19:43:00.969Z Resize failed BTC 0129859f-b335-41c0-96dc-a8e3df8dc2ca: Order must have minimum value of $10. asset=3
2026-08-17T19:43:21.325Z Resize failed BTC 0129859f-b335-41c0-96dc-a8e3df8dc2ca: Order must have minimum value of $10. asset=3
2026-08-17T19:43:41.724Z Resize failed BTC 0129859f-b335-41c0-96dc-a8e3df8dc2ca: Order must have minimum value of $10. asset=3
2026-08-17T19:44:01.649Z Resize failed BTC 0129859f-b335-41c0-96dc-a8e3df8dc2ca: Order must have minimum value of $10. asset=3
2026-08-17T19:44:22.475Z Resize failed BTC 0129859f-b335-41c0-96dc-a8e3df8dc2ca: Order must have minimum value of $10. asset=3
2026-08-17T19:44:42.485Z Resize failed BTC 0129859f-b335-41c0-96dc-a8e3df8dc2ca: Order must have minimum value of $10. asset=3
2026-08-17T19:45:02.839Z Resize failed BTC 0129859f-b335-41c0-96dc-a8e3df8dc2ca: Order must have minimum value of $10. asset=3
2026-08-17T19:45:22.973Z Resize failed BTC 0129859f-b335-41c0-96dc-a8e3df8dc2ca: Order must have minimum value of $10. asset=3
2026-08-17T19:45:43.038Z Resize failed BTC 0129859f-b335-41c0-96dc-a8e3df8dc2ca: Order must have minimum value of $10. asset=3
2026-08-17T19:46:02.898Z Resize failed BTC 0129859f-b335-41c0-96dc-a8e3df8dc2ca: Order must have minimum value of $10. asset=3
2026-08-17T19:46:23.328Z Resize failed BTC 0129859f-b335-41c0-96dc-a8e3df8dc2ca: Order must have minimum value of $10. asset=3
2026-08-17T19:46:43.058Z Resize failed BTC 0129859f-b335-41c0-96dc-a8e3df8dc2ca: Order must have minimum value of $10. asset=3
2026-08-17T19:47:03.099Z Resize failed BTC 0129859f-b335-41c0-96dc-a8e3df8dc2ca: Order must have minimum value of $10. asset=3
2026-08-17T19:47:23.028Z Resize failed BTC 0129859f-b335-41c0-96dc-a8e3df8dc2ca: Order must have minimum value of $10. asset=3
2026-08-17T19:47:43.414Z Resize failed BTC 0129859f-b335-41c0-96dc-a8e3df8dc2ca: Order must have minimum value of $10. asset=3
2026-08-17T19:48:03.133Z Resize failed BTC 0129859f-b335-41c0-96dc-a8e3df8dc2ca: Order must have minimum value of $10. asset=3
2026-08-17T19:48:23.147Z Resize failed BTC 0129859f-b335-41c0-96dc-a8e3df8dc2ca: Order must have minimum value of $10. asset=3
2026-08-17T19:48:43.272Z Resize failed BTC 0129859f-b335-41c0-96dc-a8e3df8dc2ca: Order must have minimum value of $10. asset=3
2026-08-17T19:49:03.326Z Resize failed BTC 0129859f-b335-41c0-96dc-a8e3df8dc2ca: Order must have minimum value of $10. asset=3
2026-08-17T19:49:23.783Z Resize failed BTC 0129859f-b335-41c0-96dc-a8e3df8dc2ca: Order must have minimum value of $10. asset=3
2026-08-17T19:49:43.380Z Resize failed BTC 0129859f-b335-41c0-96dc-a8e3df8dc2ca: Order must have minimum value of $10. asset=3
2026-08-17T19:50:03.933Z Resize failed BTC 0129859f-b335-41c0-96dc-a8e3df8dc2ca: Order must have minimum value of $10. asset=3
2026-08-17T19:50:23.884Z Resize failed BTC 0129859f-b335-41c0-96dc-a8e3df8dc2ca: Order must have minimum value of $10. asset=3
2026-08-17T19:50:43.296Z Resize failed BTC 0129859f-b335-41c0-96dc-a8e3df8dc2ca: Order must have minimum value of $10. asset=3
2026-08-17T19:51:03.261Z Resize failed BTC 0129859f-b335-41c0-96dc-a8e3df8dc2ca: Order must have minimum value of $10. asset=3
2026-08-17T19:51:23.014Z Resize failed BTC 0129859f-b335-41c0-96dc-a8e3df8dc2ca: Order must have minimum value of $10. asset=3
2026-08-17T19:51:42.683Z Resize failed BTC 0129859f-b335-41c0-96dc-a8e3df8dc2ca: Order must have minimum value of $10. asset=3
2026-08-17T19:52:02.659Z Resize failed BTC 0129859f-b335-41c0-96dc-a8e3df8dc2ca: Order must have minimum value of $10. asset=3
2026-08-17T19:52:22.767Z Resize failed BTC 0129859f-b335-41c0-96dc-a8e3df8dc2ca: Order must have minimum value of $10. asset=3
2026-08-17T19:52:43.090Z Resize failed BTC 0129859f-b335-41c0-96dc-a8e3df8dc2ca: Order must have minimum value of $10. asset=3
2026-08-17T19:53:03.459Z Resize failed BTC 0129859f-b335-41c0-96dc-a8e3df8dc2ca: Order must have minimum value of $10. asset=3
2026-08-17T19:53:23.795Z Resize failed BTC 0129859f-b335-41c0-96dc-a8e3df8dc2ca: Order must have minimum value of $10. asset=3
2026-08-17T19:53:43.886Z Resize failed BTC 0129859f-b335-41c0-96dc-a8e3df8dc2ca: Order must have minimum value of $10. asset=3
2026-08-17T19:54:03.733Z Resize failed BTC 0129859f-b335-41c0-96dc-a8e3df8dc2ca: Order must have minimum value of $10. asset=3
2026-08-17T19:54:23.688Z Resize failed BTC 0129859f-b335-41c0-96dc-a8e3df8dc2ca: Order must have minimum value of $10. asset=3
2026-08-17T19:54:43.947Z Resize failed BTC 0129859f-b335-41c0-96dc-a8e3df8dc2ca: Order must have minimum value of $10. asset=3
2026-08-17T19:55:04.069Z Resize failed BTC 0129859f-b335-41c0-96dc-a8e3df8dc2ca: Order must have minimum value of $10. asset=3
2026-08-17T19:55:24.016Z Resize failed BTC 0129859f-b335-41c0-96dc-a8e3df8dc2ca: Order must have minimum value of $10. asset=3
2026-08-17T19:55:44.005Z Resize failed BTC 0129859f-b335-41c0-96dc-a8e3df8dc2ca: Order must have minimum value of $10. asset=3
2026-08-17T19:56:03.858Z Resize failed BTC 0129859f-b335-41c0-96dc-a8e3df8dc2ca: Order must have minimum value of $10. asset=3
2026-08-17T19:56:23.941Z Resize failed BTC 0129859f-b335-41c0-96dc-a8e3df8dc2ca: Order must have minimum value of $10. asset=3
2026-08-17T19:56:43.591Z Resize failed BTC 0129859f-b335-41c0-96dc-a8e3df8dc2ca: Order must have minimum value of $10. asset=3
2026-08-17T19:57:03.463Z Resize failed BTC 0129859f-b335-41c0-96dc-a8e3df8dc2ca: Order must have minimum value of $10. asset=3
2026-08-17T19:57:23.678Z Resize failed BTC 0129859f-b335-41c0-96dc-a8e3df8dc2ca: Order must have minimum value of $10. asset=3
2026-08-17T19:57:43.504Z Resize failed BTC 0129859f-b335-41c0-96dc-a8e3df8dc2ca: Order must have minimum value of $10. asset=3
2026-08-17T19:58:04.018Z Resize failed BTC 0129859f-b335-41c0-96dc-a8e3df8dc2ca: Order must have minimum value of $10. asset=3
2026-08-17T19:58:23.800Z Resize failed BTC 0129859f-b335-41c0-96dc-a8e3df8dc2ca: Order must have minimum value of $10. asset=3
2026-08-17T19:58:43.759Z Resize failed BTC 0129859f-b335-41c0-96dc-a8e3df8dc2ca: Order must have minimum value of $10. asset=3
2026-08-17T19:59:04.066Z Resize failed BTC 0129859f-b335-41c0-96dc-a8e3df8dc2ca: Order must have minimum value of $10. asset=3
2026-08-17T19:59:23.995Z Resize failed BTC 0129859f-b335-41c0-96dc-a8e3df8dc2ca: Order must have minimum value of $10. asset=3
2026-08-17T19:59:43.896Z Resize failed BTC 0129859f-b335-41c0-96dc-a8e3df8dc2ca: Order must have minimum value of $10. asset=3
2026-08-17T20:00:04.021Z Resize failed BTC 0129859f-b335-41c0-96dc-a8e3df8dc2ca: Order must have minimum value of $10. asset=3
2026-08-17T20:00:23.728Z Resize failed BTC 0129859f-b335-41c0-96dc-a8e3df8dc2ca: Order must have minimum value of $10. asset=3
2026-08-17T20:00:43.886Z Resize failed BTC 0129859f-b335-41c0-96dc-a8e3df8dc2ca: Order must have minimum value of $10. asset=3
2026-08-17T20:01:03.885Z Resize failed BTC 0129859f-b335-41c0-96dc-a8e3df8dc2ca: Order must have minimum value of $10. asset=3
2026-08-17T20:01:24.123Z Resize failed BTC 0129859f-b335-41c0-96dc-a8e3df8dc2ca: Order must have minimum value of $10. asset=3
2026-08-17T20:01:43.726Z Resize failed BTC 0129859f-b335-41c0-96dc-a8e3df8dc2ca: Order must have minimum value of $10. asset=3
2026-08-17T20:02:04.278Z Resize failed BTC 0129859f-b335-41c0-96dc-a8e3df8dc2ca: Order must have minimum value of $10. asset=3
2026-08-17T20:02:23.972Z Resize failed BTC 0129859f-b335-41c0-96dc-a8e3df8dc2ca: Order must have minimum value of $10. asset=3
2026-08-17T20:02:43.850Z Resize failed BTC 0129859f-b335-41c0-96dc-a8e3df8dc2ca: Order must have minimum value of $10. asset=3
2026-08-17T20:03:03.326Z Resize failed BTC 0129859f-b335-41c0-96dc-a8e3df8dc2ca: Order must have minimum value of $10. asset=3
2026-08-17T20:03:22.921Z Resize failed BTC 0129859f-b335-41c0-96dc-a8e3df8dc2ca: Order must have minimum value of $10. asset=3
2026-08-17T20:03:43.035Z Resize failed BTC 0129859f-b335-41c0-96dc-a8e3df8dc2ca: Order must have minimum value of $10. asset=3
2026-08-17T20:04:03.220Z Resize failed BTC 0129859f-b335-41c0-96dc-a8e3df8dc2ca: Order must have minimum value of $10. asset=3
2026-08-17T20:04:23.458Z Resize failed BTC 0129859f-b335-41c0-96dc-a8e3df8dc2ca: Order must have minimum value of $10. asset=3
2026-08-17T20:04:43.660Z Resize failed BTC 0129859f-b335-41c0-96dc-a8e3df8dc2ca: Order must have minimum value of $10. asset=3
2026-08-17T20:05:03.468Z Resize failed BTC 0129859f-b335-41c0-96dc-a8e3df8dc2ca: Order must have minimum value of $10. asset=3
2026-08-17T20:05:23.105Z Resize failed BTC 0129859f-b335-41c0-96dc-a8e3df8dc2ca: Order must have minimum value of $10. asset=3
2026-08-17T20:05:43.871Z Resize failed BTC 0129859f-b335-41c0-96dc-a8e3df8dc2ca: Order must have minimum value of $10. asset=3
2026-08-17T20:06:04.207Z Resize failed BTC 0129859f-b335-41c0-96dc-a8e3df8dc2ca: Order must have minimum value of $10. asset=3
2026-08-17T20:06:24.296Z Resize failed BTC 0129859f-b335-41c0-96dc-a8e3df8dc2ca: Order must have minimum value of $10. asset=3
2026-08-17T20:06:44.488Z Resize failed BTC 0129859f-b335-41c0-96dc-a8e3df8dc2ca: Order must have minimum value of $10. asset=3
2026-08-17T20:07:04.807Z Resize failed BTC 0129859f-b335-41c0-96dc-a8e3df8dc2ca: Order must have minimum value of $10. asset=3
2026-08-17T20:07:25.260Z Resize failed BTC 0129859f-b335-41c0-96dc-a8e3df8dc2ca: Order must have minimum value of $10. asset=3
2026-08-17T20:07:45.410Z Resize failed BTC 0129859f-b335-41c0-96dc-a8e3df8dc2ca: Order must have minimum value of $10. asset=3
2026-08-17T20:08:06.095Z Resize failed BTC 0129859f-b335-41c0-96dc-a8e3df8dc2ca: Order must have minimum value of $10. asset=3
2026-08-17T20:08:26.486Z Resize failed BTC 0129859f-b335-41c0-96dc-a8e3df8dc2ca: Order must have minimum value of $10. asset=3
2026-08-17T20:08:46.645Z Resize failed BTC 0129859f-b335-41c0-96dc-a8e3df8dc2ca: Order must have minimum value of $10. asset=3
2026-08-17T20:09:07.029Z Resize failed BTC 0129859f-b335-41c0-96dc-a8e3df8dc2ca: Order must have minimum value of $10. asset=3
2026-08-17T20:09:27.017Z Resize failed BTC 0129859f-b335-41c0-96dc-a8e3df8dc2ca: Order must have minimum value of $10. asset=3
2026-08-17T20:09:47.296Z Resize failed BTC 0129859f-b335-41c0-96dc-a8e3df8dc2ca: Order must have minimum value of $10. asset=3
2026-08-17T20:10:07.815Z Resize failed BTC 0129859f-b335-41c0-96dc-a8e3df8dc2ca: Order must have minimum value of $10. asset=3
2026-08-17T20:10:27.755Z Resize failed BTC 0129859f-b335-41c0-96dc-a8e3df8dc2ca: Order must have minimum value of $10. asset=3
2026-08-17T20:10:48.036Z Resize failed BTC 0129859f-b335-41c0-96dc-a8e3df8dc2ca: Order must have minimum value of $10. asset=3
2026-08-17T20:11:07.739Z Resize failed BTC 0129859f-b335-41c0-96dc-a8e3df8dc2ca: Order must have minimum value of $10. asset=3
2026-08-17T20:11:27.778Z Resize failed BTC 0129859f-b335-41c0-96dc-a8e3df8dc2ca: Order must have minimum value of $10. asset=3
2026-08-17T20:11:47.765Z Resize failed BTC 0129859f-b335-41c0-96dc-a8e3df8dc2ca: Order must have minimum value of $10. asset=3
2026-08-17T20:12:08.214Z Resize failed BTC 0129859f-b335-41c0-96dc-a8e3df8dc2ca: Order must have minimum value of $10. asset=3
2026-08-17T20:12:28.266Z Resize failed BTC 0129859f-b335-41c0-96dc-a8e3df8dc2ca: Order must have minimum value of $10. asset=3
2026-08-17T20:12:48.197Z Resize failed BTC 0129859f-b335-41c0-96dc-a8e3df8dc2ca: Order must have minimum value of $10. asset=3
2026-08-17T20:13:09.020Z Resize failed BTC 0129859f-b335-41c0-96dc-a8e3df8dc2ca: Order must have minimum value of $10. asset=3
2026-08-17T20:13:29.334Z Resize failed BTC 0129859f-b335-41c0-96dc-a8e3df8dc2ca: Order must have minimum value of $10. asset=3
2026-08-17T20:13:49.928Z Resize failed BTC 0129859f-b335-41c0-96dc-a8e3df8dc2ca: Order must have minimum value of $10. asset=3
2026-08-17T20:14:10.266Z Resize failed BTC 0129859f-b335-41c0-96dc-a8e3df8dc2ca: Order must have minimum value of $10. asset=3
2026-08-17T20:14:30.855Z Resize failed BTC 0129859f-b335-41c0-96dc-a8e3df8dc2ca: Order must have minimum value of $10. asset=3
2026-08-17T20:14:50.810Z Resize failed BTC 0129859f-b335-41c0-96dc-a8e3df8dc2ca: Order must have minimum value of $10. asset=3
2026-08-17T20:15:10.937Z Resize failed BTC 0129859f-b335-41c0-96dc-a8e3df8dc2ca: Order must have minimum value of $10. asset=3
2026-08-17T20:15:30.862Z Resize failed BTC 0129859f-b335-41c0-96dc-a8e3df8dc2ca: Order must have minimum value of $10. asset=3
2026-08-17T20:15:50.988Z Resize failed BTC 0129859f-b335-41c0-96dc-a8e3df8dc2ca: Order must have minimum value of $10. asset=3
2026-08-17T20:16:10.962Z Resize failed BTC 0129859f-b335-41c0-96dc-a8e3df8dc2ca: Order must have minimum value of $10. asset=3
2026-08-17T20:16:31.099Z Resize failed BTC 0129859f-b335-41c0-96dc-a8e3df8dc2ca: Order must have minimum value of $10. asset=3
2026-08-17T20:16:51.603Z Resize failed BTC 0129859f-b335-41c0-96dc-a8e3df8dc2ca: Order must have minimum value of $10. asset=3
2026-08-17T20:17:12.259Z Resize failed BTC 0129859f-b335-41c0-96dc-a8e3df8dc2ca: Order must have minimum value of $10. asset=3
2026-08-17T20:17:32.615Z Resize failed BTC 0129859f-b335-41c0-96dc-a8e3df8dc2ca: Order must have minimum value of $10. asset=3
2026-08-17T20:17:52.928Z Resize failed BTC 0129859f-b335-41c0-96dc-a8e3df8dc2ca: Order must have minimum value of $10. asset=3
2026-08-17T20:18:13.144Z Resize failed BTC 0129859f-b335-41c0-96dc-a8e3df8dc2ca: Order must have minimum value of $10. asset=3
2026-08-17T20:18:33.837Z Resize failed BTC 0129859f-b335-41c0-96dc-a8e3df8dc2ca: Order must have minimum value of $10. asset=3
2026-08-17T20:18:53.580Z Resize failed BTC 0129859f-b335-41c0-96dc-a8e3df8dc2ca: Order must have minimum value of $10. asset=3
2026-08-17T20:19:13.773Z Resize failed BTC 0129859f-b335-41c0-96dc-a8e3df8dc2ca: Order must have minimum value of $10. asset=3
2026-08-17T20:19:34.271Z Resize failed BTC 0129859f-b335-41c0-96dc-a8e3df8dc2ca: Order must have minimum value of $10. asset=3
2026-08-17T20:19:54.675Z Resize failed BTC 0129859f-b335-41c0-96dc-a8e3df8dc2ca: Order must have minimum value of $10. asset=3
2026-08-17T20:20:14.927Z Resize failed BTC 0129859f-b335-41c0-96dc-a8e3df8dc2ca: Order must have minimum value of $10. asset=3
2026-08-17T20:20:35.345Z Resize failed BTC 0129859f-b335-41c0-96dc-a8e3df8dc2ca: Order must have minimum value of $10. asset=3
2026-08-17T20:20:55.551Z Resize failed BTC 0129859f-b335-41c0-96dc-a8e3df8dc2ca: Order must have minimum value of $10. asset=3
2026-08-17T20:21:15.996Z Resize failed BTC 0129859f-b335-41c0-96dc-a8e3df8dc2ca: Order must have minimum value of $10. asset=3
2026-08-17T20:21:36.529Z Resize failed BTC 0129859f-b335-41c0-96dc-a8e3df8dc2ca: Order must have minimum value of $10. asset=3
2026-08-17T20:21:56.781Z Resize failed BTC 0129859f-b335-41c0-96dc-a8e3df8dc2ca: Order must have minimum value of $10. asset=3
2026-08-17T20:22:17.635Z Resize failed BTC 0129859f-b335-41c0-96dc-a8e3df8dc2ca: Order must have minimum value of $10. asset=3
2026-08-17T20:22:37.333Z Resize failed BTC 0129859f-b335-41c0-96dc-a8e3df8dc2ca: Order must have minimum value of $10. asset=3
2026-08-17T20:22:57.598Z Resize failed BTC 0129859f-b335-41c0-96dc-a8e3df8dc2ca: Order must have minimum value of $10. asset=3
2026-08-17T20:23:17.775Z Resize failed BTC 0129859f-b335-41c0-96dc-a8e3df8dc2ca: Order must have minimum value of $10. asset=3
2026-08-17T20:23:37.774Z Resize failed BTC 0129859f-b335-41c0-96dc-a8e3df8dc2ca: Order must have minimum value of $10. asset=3
2026-08-17T20:23:58.048Z Resize failed BTC 0129859f-b335-41c0-96dc-a8e3df8dc2ca: Order must have minimum value of $10. asset=3
2026-08-17T20:24:18.918Z Resize failed BTC 0129859f-b335-41c0-96dc-a8e3df8dc2ca: Order must have minimum value of $10. asset=3
2026-08-17T20:24:38.848Z Resize failed BTC 0129859f-b335-41c0-96dc-a8e3df8dc2ca: Order must have minimum value of $10. asset=3
2026-08-17T20:24:58.827Z Resize failed BTC 0129859f-b335-41c0-96dc-a8e3df8dc2ca: Order must have minimum value of $10. asset=3
2026-08-17T20:25:19.334Z Resize failed BTC 0129859f-b335-41c0-96dc-a8e3df8dc2ca: Order must have minimum value of $10. asset=3
2026-08-17T20:25:39.576Z Resize failed BTC 0129859f-b335-41c0-96dc-a8e3df8dc2ca: Order must have minimum value of $10. asset=3
2026-08-17T20:25:59.787Z Resize failed BTC 0129859f-b335-41c0-96dc-a8e3df8dc2ca: Order must have minimum value of $10. asset=3
2026-08-17T20:26:19.859Z Resize failed BTC 0129859f-b335-41c0-96dc-a8e3df8dc2ca: Order must have minimum value of $10. asset=3
2026-08-17T20:26:39.858Z Resize failed BTC 0129859f-b335-41c0-96dc-a8e3df8dc2ca: Order must have minimum value of $10. asset=3
2026-08-17T20:27:00.137Z Resize failed BTC 0129859f-b335-41c0-96dc-a8e3df8dc2ca: Order must have minimum value of $10. asset=3
2026-08-17T20:27:20.457Z Resize failed BTC 0129859f-b335-41c0-96dc-a8e3df8dc2ca: Order must have minimum value of $10. asset=3
2026-08-17T20:27:40.725Z Resize failed BTC 0129859f-b335-41c0-96dc-a8e3df8dc2ca: Order must have minimum value of $10. asset=3
2026-08-17T20:28:01.151Z Resize failed BTC 0129859f-b335-41c0-96dc-a8e3df8dc2ca: Order must have minimum value of $10. asset=3
2026-08-17T20:28:21.572Z Resize failed BTC 0129859f-b335-41c0-96dc-a8e3df8dc2ca: Order must have minimum value of $10. asset=3
2026-08-17T20:28:41.510Z Resize failed BTC 0129859f-b335-41c0-96dc-a8e3df8dc2ca: Order must have minimum value of $10. asset=3
2026-08-17T20:29:01.855Z Resize failed BTC 0129859f-b335-41c0-96dc-a8e3df8dc2ca: Order must have minimum value of $10. asset=3
2026-08-17T20:29:22.097Z Resize failed BTC 0129859f-b335-41c0-96dc-a8e3df8dc2ca: Order must have minimum value of $10. asset=3
2026-08-17T20:29:42.732Z Resize failed BTC 0129859f-b335-41c0-96dc-a8e3df8dc2ca: Order must have minimum value of $10. asset=3
2026-08-17T20:30:02.847Z Resize failed BTC 0129859f-b335-41c0-96dc-a8e3df8dc2ca: Order must have minimum value of $10. asset=3
2026-08-17T20:30:24.334Z Resize failed BTC 0129859f-b335-41c0-96dc-a8e3df8dc2ca: Order must have minimum value of $10. asset=3
2026-08-17T20:30:44.539Z Resize failed BTC 0129859f-b335-41c0-96dc-a8e3df8dc2ca: Order must have minimum value of $10. asset=3
2026-08-17T20:31:06.604Z Resize failed BTC 0129859f-b335-41c0-96dc-a8e3df8dc2ca: Order must have minimum value of $10. asset=3
2026-08-17T20:31:26.958Z Resize failed BTC 0129859f-b335-41c0-96dc-a8e3df8dc2ca: Order must have minimum value of $10. asset=3
2026-08-17T20:31:47.198Z Resize failed BTC 0129859f-b335-41c0-96dc-a8e3df8dc2ca: Order must have minimum value of $10. asset=3
2026-08-17T20:32:07.357Z Resize failed BTC 0129859f-b335-41c0-96dc-a8e3df8dc2ca: Order must have minimum value of $10. asset=3
2026-08-17T20:32:27.437Z Resize failed BTC 0129859f-b335-41c0-96dc-a8e3df8dc2ca: Order must have minimum value of $10. asset=3
2026-08-17T20:32:47.463Z Resize failed BTC 0129859f-b335-41c0-96dc-a8e3df8dc2ca: Order must have minimum value of $10. asset=3
2026-08-17T20:33:07.627Z Resize failed BTC 0129859f-b335-41c0-96dc-a8e3df8dc2ca: Order must have minimum value of $10. asset=3
2026-08-17T20:33:28.145Z Resize failed BTC 0129859f-b335-41c0-96dc-a8e3df8dc2ca: Order must have minimum value of $10. asset=3
2026-08-17T20:33:47.992Z Resize failed BTC 0129859f-b335-41c0-96dc-a8e3df8dc2ca: Order must have minimum value of $10. asset=3
2026-08-17T20:34:08.396Z Resize failed BTC 0129859f-b335-41c0-96dc-a8e3df8dc2ca: Order must have minimum value of $10. asset=3
2026-08-17T20:34:28.667Z Resize failed BTC 0129859f-b335-41c0-96dc-a8e3df8dc2ca: Order must have minimum value of $10. asset=3
2026-08-17T20:34:48.451Z Resize failed BTC 0129859f-b335-41c0-96dc-a8e3df8dc2ca: Order must have minimum value of $10. asset=3
2026-08-17T20:35:09.060Z Resize failed BTC 0129859f-b335-41c0-96dc-a8e3df8dc2ca: Order must have minimum value of $10. asset=3
2026-08-17T20:35:29.158Z Resize failed BTC 0129859f-b335-41c0-96dc-a8e3df8dc2ca: Order must have minimum value of $10. asset=3
2026-08-17T20:35:49.801Z Resize failed BTC 0129859f-b335-41c0-96dc-a8e3df8dc2ca: Order must have minimum value of $10. asset=3
2026-08-17T20:36:09.698Z Resize failed BTC 0129859f-b335-41c0-96dc-a8e3df8dc2ca: Order must have minimum value of $10. asset=3
2026-08-17T20:36:29.849Z Resize failed BTC 0129859f-b335-41c0-96dc-a8e3df8dc2ca: Order must have minimum value of $10. asset=3
2026-08-17T20:36:49.894Z Resize failed BTC 0129859f-b335-41c0-96dc-a8e3df8dc2ca: Order must have minimum value of $10. asset=3
2026-08-17T20:37:09.789Z Resize failed BTC 0129859f-b335-41c0-96dc-a8e3df8dc2ca: Order must have minimum value of $10. asset=3
2026-08-17T20:37:30.171Z Resize failed BTC 0129859f-b335-41c0-96dc-a8e3df8dc2ca: Order must have minimum value of $10. asset=3
2026-08-17T20:37:50.126Z Resize failed BTC 0129859f-b335-41c0-96dc-a8e3df8dc2ca: Order must have minimum value of $10. asset=3
2026-08-17T20:38:10.515Z Resize failed BTC 0129859f-b335-41c0-96dc-a8e3df8dc2ca: Order must have minimum value of $10. asset=3
2026-08-17T20:38:30.953Z Resize failed BTC 0129859f-b335-41c0-96dc-a8e3df8dc2ca: Order must have minimum value of $10. asset=3
2026-08-17T20:38:51.067Z Resize failed BTC 0129859f-b335-41c0-96dc-a8e3df8dc2ca: Order must have minimum value of $10. asset=3
2026-08-17T20:39:11.352Z Resize failed BTC 0129859f-b335-41c0-96dc-a8e3df8dc2ca: Order must have minimum value of $10. asset=3
2026-08-17T20:39:31.211Z Resize failed BTC 0129859f-b335-41c0-96dc-a8e3df8dc2ca: Order must have minimum value of $10. asset=3
2026-08-17T20:39:51.385Z Resize failed BTC 0129859f-b335-41c0-96dc-a8e3df8dc2ca: Order must have minimum value of $10. asset=3
2026-08-17T20:40:11.562Z Resize failed BTC 0129859f-b335-41c0-96dc-a8e3df8dc2ca: Order must have minimum value of $10. asset=3
2026-08-17T20:40:31.859Z Resize failed BTC 0129859f-b335-41c0-96dc-a8e3df8dc2ca: Order must have minimum value of $10. asset=3
2026-08-17T20:40:51.948Z Resize failed BTC 0129859f-b335-41c0-96dc-a8e3df8dc2ca: Order must have minimum value of $10. asset=3
2026-08-17T20:41:12.501Z Resize failed BTC 0129859f-b335-41c0-96dc-a8e3df8dc2ca: Order must have minimum value of $10. asset=3
2026-08-17T20:41:32.615Z Resize failed BTC 0129859f-b335-41c0-96dc-a8e3df8dc2ca: Order must have minimum value of $10. asset=3
2026-08-17T20:41:53.293Z Resize failed BTC 0129859f-b335-41c0-96dc-a8e3df8dc2ca: Order must have minimum value of $10. asset=3
2026-08-17T20:42:13.531Z Resize failed BTC 0129859f-b335-41c0-96dc-a8e3df8dc2ca: Order must have minimum value of $10. asset=3
2026-08-17T20:42:34.080Z Resize failed BTC 0129859f-b335-41c0-96dc-a8e3df8dc2ca: Order must have minimum value of $10. asset=3
2026-08-17T20:42:54.553Z Resize failed BTC 0129859f-b335-41c0-96dc-a8e3df8dc2ca: Order must have minimum value of $10. asset=3
2026-08-17T20:43:14.430Z Resize failed BTC 0129859f-b335-41c0-96dc-a8e3df8dc2ca: Order must have minimum value of $10. asset=3
2026-08-17T20:43:33.893Z Resize failed BTC 0129859f-b335-41c0-96dc-a8e3df8dc2ca: Order must have minimum value of $10. asset=3
2026-08-17T20:43:54.363Z Resize failed BTC 0129859f-b335-41c0-96dc-a8e3df8dc2ca: Order must have minimum value of $10. asset=3
2026-08-17T20:44:14.707Z Resize failed BTC 0129859f-b335-41c0-96dc-a8e3df8dc2ca: Order must have minimum value of $10. asset=3
2026-08-17T20:44:35.310Z Resize failed BTC 0129859f-b335-41c0-96dc-a8e3df8dc2ca: Order must have minimum value of $10. asset=3
2026-08-17T20:44:55.687Z Resize failed BTC 0129859f-b335-41c0-96dc-a8e3df8dc2ca: Order must have minimum value of $10. asset=3
2026-08-17T20:45:15.638Z Resize failed BTC 0129859f-b335-41c0-96dc-a8e3df8dc2ca: Order must have minimum value of $10. asset=3
2026-08-17T20:45:35.559Z Resize failed BTC 0129859f-b335-41c0-96dc-a8e3df8dc2ca: Order must have minimum value of $10. asset=3
2026-08-17T20:45:55.240Z Resize failed BTC 0129859f-b335-41c0-96dc-a8e3df8dc2ca: Order must have minimum value of $10. asset=3
2026-08-17T20:46:15.408Z Resize failed BTC 0129859f-b335-41c0-96dc-a8e3df8dc2ca: Order must have minimum value of $10. asset=3
2026-08-17T20:46:35.739Z Resize failed BTC 0129859f-b335-41c0-96dc-a8e3df8dc2ca: Order must have minimum value of $10. asset=3
2026-08-17T20:46:56.043Z Resize failed BTC 0129859f-b335-41c0-96dc-a8e3df8dc2ca: Order must have minimum value of $10. asset=3
2026-08-17T20:47:16.205Z Resize failed BTC 0129859f-b335-41c0-96dc-a8e3df8dc2ca: Order must have minimum value of $10. asset=3
2026-08-17T20:47:35.999Z Resize failed BTC 0129859f-b335-41c0-96dc-a8e3df8dc2ca: Order must have minimum value of $10. asset=3
2026-08-17T20:47:56.313Z Resize failed BTC 0129859f-b335-41c0-96dc-a8e3df8dc2ca: Order must have minimum value of $10. asset=3
2026-08-17T20:48:17.368Z Resize failed BTC 0129859f-b335-41c0-96dc-a8e3df8dc2ca: Order must have minimum value of $10. asset=3
2026-08-17T20:48:37.585Z Resize failed BTC 0129859f-b335-41c0-96dc-a8e3df8dc2ca: Order must have minimum value of $10. asset=3
2026-08-17T20:48:58.059Z Resize failed BTC 0129859f-b335-41c0-96dc-a8e3df8dc2ca: Order must have minimum value of $10. asset=3
2026-08-17T20:49:18.659Z Resize failed BTC 0129859f-b335-41c0-96dc-a8e3df8dc2ca: Order must have minimum value of $10. asset=3
2026-08-17T20:49:38.709Z Resize failed BTC 0129859f-b335-41c0-96dc-a8e3df8dc2ca: Order must have minimum value of $10. asset=3
2026-08-17T20:49:58.723Z Resize failed BTC 0129859f-b335-41c0-96dc-a8e3df8dc2ca: Order must have minimum value of $10. asset=3
2026-08-17T20:50:19.057Z Resize failed BTC 0129859f-b335-41c0-96dc-a8e3df8dc2ca: Order must have minimum value of $10. asset=3
2026-08-17T20:50:39.706Z Resize failed BTC 0129859f-b335-41c0-96dc-a8e3df8dc2ca: Order must have minimum value of $10. asset=3
2026-08-17T20:50:59.566Z Resize failed BTC 0129859f-b335-41c0-96dc-a8e3df8dc2ca: Order must have minimum value of $10. asset=3
2026-08-17T20:51:19.909Z Resize failed BTC 0129859f-b335-41c0-96dc-a8e3df8dc2ca: Order must have minimum value of $10. asset=3
2026-08-17T20:51:40.175Z Resize failed BTC 0129859f-b335-41c0-96dc-a8e3df8dc2ca: Order must have minimum value of $10. asset=3
2026-08-17T20:52:01.333Z Resize failed BTC 0129859f-b335-41c0-96dc-a8e3df8dc2ca: Order must have minimum value of $10. asset=3
2026-08-17T20:52:21.268Z Resize failed BTC 0129859f-b335-41c0-96dc-a8e3df8dc2ca: Order must have minimum value of $10. asset=3
2026-08-17T20:52:41.077Z Resize failed BTC 0129859f-b335-41c0-96dc-a8e3df8dc2ca: Order must have minimum value of $10. asset=3
2026-08-17T20:53:01.505Z Resize failed BTC 0129859f-b335-41c0-96dc-a8e3df8dc2ca: Order must have minimum value of $10. asset=3
2026-08-17T20:53:21.879Z Resize failed BTC 0129859f-b335-41c0-96dc-a8e3df8dc2ca: Order must have minimum value of $10. asset=3
2026-08-17T20:53:41.793Z Resize failed BTC 0129859f-b335-41c0-96dc-a8e3df8dc2ca: Order must have minimum value of $10. asset=3
2026-08-17T20:54:01.966Z Resize failed BTC 0129859f-b335-41c0-96dc-a8e3df8dc2ca: Order must have minimum value of $10. asset=3
2026-08-17T20:54:22.169Z Resize failed BTC 0129859f-b335-41c0-96dc-a8e3df8dc2ca: Order must have minimum value of $10. asset=3
2026-08-17T20:54:41.998Z Resize failed BTC 0129859f-b335-41c0-96dc-a8e3df8dc2ca: Order must have minimum value of $10. asset=3
2026-08-17T20:55:02.234Z Resize failed BTC 0129859f-b335-41c0-96dc-a8e3df8dc2ca: Order must have minimum value of $10. asset=3
2026-08-17T20:55:22.468Z Resize failed BTC 0129859f-b335-41c0-96dc-a8e3df8dc2ca: Order must have minimum value of $10. asset=3
2026-08-17T20:55:42.440Z Resize failed BTC 0129859f-b335-41c0-96dc-a8e3df8dc2ca: Order must have minimum value of $10. asset=3
2026-08-17T20:56:02.243Z Resize failed BTC 0129859f-b335-41c0-96dc-a8e3df8dc2ca: Order must have minimum value of $10. asset=3
2026-08-17T20:56:21.792Z Resize failed BTC 0129859f-b335-41c0-96dc-a8e3df8dc2ca: Order must have minimum value of $10. asset=3
2026-08-17T20:56:41.970Z Resize failed BTC 0129859f-b335-41c0-96dc-a8e3df8dc2ca: Order must have minimum value of $10. asset=3
2026-08-17T20:57:01.975Z Resize failed BTC 0129859f-b335-41c0-96dc-a8e3df8dc2ca: Order must have minimum value of $10. asset=3
2026-08-17T20:57:22.607Z Resize failed BTC 0129859f-b335-41c0-96dc-a8e3df8dc2ca: Order must have minimum value of $10. asset=3
2026-08-17T20:57:42.659Z Resize failed BTC 0129859f-b335-41c0-96dc-a8e3df8dc2ca: Order must have minimum value of $10. asset=3
2026-08-17T20:58:02.832Z Resize failed BTC 0129859f-b335-41c0-96dc-a8e3df8dc2ca: Order must have minimum value of $10. asset=3
2026-08-17T20:58:22.658Z Resize failed BTC 0129859f-b335-41c0-96dc-a8e3df8dc2ca: Order must have minimum value of $10. asset=3
2026-08-17T20:58:42.783Z Resize failed BTC 0129859f-b335-41c0-96dc-a8e3df8dc2ca: Order must have minimum value of $10. asset=3
2026-08-17T20:59:03.122Z Resize failed BTC 0129859f-b335-41c0-96dc-a8e3df8dc2ca: Order must have minimum value of $10. asset=3
2026-08-17T20:59:23.214Z Resize failed BTC 0129859f-b335-41c0-96dc-a8e3df8dc2ca: Order must have minimum value of $10. asset=3
2026-08-17T20:59:43.493Z Resize failed BTC 0129859f-b335-41c0-96dc-a8e3df8dc2ca: Order must have minimum value of $10. asset=3
2026-08-17T21:00:03.433Z Resize failed BTC 0129859f-b335-41c0-96dc-a8e3df8dc2ca: Order must have minimum value of $10. asset=3
2026-08-17T21:00:23.581Z Resize failed BTC 0129859f-b335-41c0-96dc-a8e3df8dc2ca: Order must have minimum value of $10. asset=3
2026-08-17T21:00:43.766Z Resize failed BTC 0129859f-b335-41c0-96dc-a8e3df8dc2ca: Order must have minimum value of $10. asset=3
2026-08-17T21:01:04.307Z Resize failed BTC 0129859f-b335-41c0-96dc-a8e3df8dc2ca: Order must have minimum value of $10. asset=3
2026-08-17T21:01:24.368Z Resize failed BTC 0129859f-b335-41c0-96dc-a8e3df8dc2ca: Order must have minimum value of $10. asset=3
2026-08-17T21:01:44.274Z Resize failed BTC 0129859f-b335-41c0-96dc-a8e3df8dc2ca: Order must have minimum value of $10. asset=3
2026-08-17T21:02:04.472Z Resize failed BTC 0129859f-b335-41c0-96dc-a8e3df8dc2ca: Order must have minimum value of $10. asset=3
2026-08-17T21:02:24.250Z Resize failed BTC 0129859f-b335-41c0-96dc-a8e3df8dc2ca: Order must have minimum value of $10. asset=3
2026-08-17T21:02:44.239Z Resize failed BTC 0129859f-b335-41c0-96dc-a8e3df8dc2ca: Order must have minimum value of $10. asset=3
2026-08-17T21:03:04.374Z Resize failed BTC 0129859f-b335-41c0-96dc-a8e3df8dc2ca: Order must have minimum value of $10. asset=3
2026-08-17T21:03:23.895Z Resize failed BTC 0129859f-b335-41c0-96dc-a8e3df8dc2ca: Order must have minimum value of $10. asset=3
2026-08-17T21:03:43.720Z Resize failed BTC 0129859f-b335-41c0-96dc-a8e3df8dc2ca: Order must have minimum value of $10. asset=3
2026-08-17T21:04:03.647Z Resize failed BTC 0129859f-b335-41c0-96dc-a8e3df8dc2ca: Order must have minimum value of $10. asset=3
2026-08-17T21:04:23.506Z Resize failed BTC 0129859f-b335-41c0-96dc-a8e3df8dc2ca: Order must have minimum value of $10. asset=3
2026-08-17T21:04:43.049Z Resize failed BTC 0129859f-b335-41c0-96dc-a8e3df8dc2ca: Order must have minimum value of $10. asset=3
2026-08-17T21:05:03.396Z Resize failed BTC 0129859f-b335-41c0-96dc-a8e3df8dc2ca: Order must have minimum value of $10. asset=3
2026-08-17T21:05:23.292Z Resize failed BTC 0129859f-b335-41c0-96dc-a8e3df8dc2ca: Order must have minimum value of $10. asset=3
2026-08-17T21:05:43.342Z Resize failed BTC 0129859f-b335-41c0-96dc-a8e3df8dc2ca: Order must have minimum value of $10. asset=3
2026-08-17T21:06:02.666Z Resize failed BTC 0129859f-b335-41c0-96dc-a8e3df8dc2ca: Order must have minimum value of $10. asset=3
2026-08-17T21:06:22.873Z Resize failed BTC 0129859f-b335-41c0-96dc-a8e3df8dc2ca: Order must have minimum value of $10. asset=3
2026-08-17T21:06:42.748Z Resize failed BTC 0129859f-b335-41c0-96dc-a8e3df8dc2ca: Order must have minimum value of $10. asset=3
2026-08-17T21:07:02.661Z Resize failed BTC 0129859f-b335-41c0-96dc-a8e3df8dc2ca: Order must have minimum value of $10. asset=3
2026-08-17T21:07:22.863Z Resize failed BTC 0129859f-b335-41c0-96dc-a8e3df8dc2ca: Order must have minimum value of $10. asset=3
2026-08-17T21:07:42.525Z Resize failed BTC 0129859f-b335-41c0-96dc-a8e3df8dc2ca: Order must have minimum value of $10. asset=3
2026-08-17T21:08:02.523Z Resize failed BTC 0129859f-b335-41c0-96dc-a8e3df8dc2ca: Order must have minimum value of $10. asset=3
2026-08-17T21:08:22.618Z Resize failed BTC 0129859f-b335-41c0-96dc-a8e3df8dc2ca: Order must have minimum value of $10. asset=3
2026-08-17T21:08:42.493Z Resize failed BTC 0129859f-b335-41c0-96dc-a8e3df8dc2ca: Order must have minimum value of $10. asset=3
2026-08-17T21:09:02.766Z Resize failed BTC 0129859f-b335-41c0-96dc-a8e3df8dc2ca: Order must have minimum value of $10. asset=3
2026-08-17T21:09:22.911Z Resize failed BTC 0129859f-b335-41c0-96dc-a8e3df8dc2ca: Order must have minimum value of $10. asset=3
2026-08-17T21:09:42.898Z Resize failed BTC 0129859f-b335-41c0-96dc-a8e3df8dc2ca: Order must have minimum value of $10. asset=3
2026-08-17T21:10:03.079Z Resize failed BTC 0129859f-b335-41c0-96dc-a8e3df8dc2ca: Order must have minimum value of $10. asset=3
2026-08-17T21:10:23.083Z Resize failed BTC 0129859f-b335-41c0-96dc-a8e3df8dc2ca: Order must have minimum value of $10. asset=3
2026-08-17T21:10:43.120Z Resize failed BTC 0129859f-b335-41c0-96dc-a8e3df8dc2ca: Order must have minimum value of $10. asset=3
2026-08-17T21:11:03.033Z Resize failed BTC 0129859f-b335-41c0-96dc-a8e3df8dc2ca: Order must have minimum value of $10. asset=3
2026-08-17T21:11:23.307Z Resize failed BTC 0129859f-b335-41c0-96dc-a8e3df8dc2ca: Order must have minimum value of $10. asset=3
2026-08-17T21:11:43.168Z Resize failed BTC 0129859f-b335-41c0-96dc-a8e3df8dc2ca: Order must have minimum value of $10. asset=3
2026-08-17T21:12:03.100Z Resize failed BTC 0129859f-b335-41c0-96dc-a8e3df8dc2ca: Order must have minimum value of $10. asset=3
2026-08-17T21:12:23.402Z Resize failed BTC 0129859f-b335-41c0-96dc-a8e3df8dc2ca: Order must have minimum value of $10. asset=3
2026-08-17T21:12:43.194Z Resize failed BTC 0129859f-b335-41c0-96dc-a8e3df8dc2ca: Order must have minimum value of $10. asset=3
2026-08-17T21:13:02.957Z Resize failed BTC 0129859f-b335-41c0-96dc-a8e3df8dc2ca: Order must have minimum value of $10. asset=3
2026-08-17T21:13:23.050Z Resize failed BTC 0129859f-b335-41c0-96dc-a8e3df8dc2ca: Order must have minimum value of $10. asset=3
2026-08-17T21:13:42.706Z Resize failed BTC 0129859f-b335-41c0-96dc-a8e3df8dc2ca: Order must have minimum value of $10. asset=3
2026-08-17T21:14:02.372Z Resize failed BTC 0129859f-b335-41c0-96dc-a8e3df8dc2ca: Order must have minimum value of $10. asset=3
2026-08-17T21:14:22.872Z Resize failed BTC 0129859f-b335-41c0-96dc-a8e3df8dc2ca: Order must have minimum value of $10. asset=3
2026-08-17T21:14:42.631Z Resize failed BTC 0129859f-b335-41c0-96dc-a8e3df8dc2ca: Order must have minimum value of $10. asset=3
2026-08-17T21:15:03.289Z Resize failed BTC 0129859f-b335-41c0-96dc-a8e3df8dc2ca: Order must have minimum value of $10. asset=3
2026-08-17T21:15:23.239Z Resize failed BTC 0129859f-b335-41c0-96dc-a8e3df8dc2ca: Order must have minimum value of $10. asset=3
2026-08-17T21:15:43.391Z Resize failed BTC 0129859f-b335-41c0-96dc-a8e3df8dc2ca: Order must have minimum value of $10. asset=3
2026-08-17T21:16:03.473Z Resize failed BTC 0129859f-b335-41c0-96dc-a8e3df8dc2ca: Order must have minimum value of $10. asset=3
2026-08-17T21:16:23.810Z Resize failed BTC 0129859f-b335-41c0-96dc-a8e3df8dc2ca: Order must have minimum value of $10. asset=3
2026-08-17T21:16:43.349Z Resize failed BTC 0129859f-b335-41c0-96dc-a8e3df8dc2ca: Order must have minimum value of $10. asset=3
2026-08-17T21:17:03.418Z Resize failed BTC 0129859f-b335-41c0-96dc-a8e3df8dc2ca: Order must have minimum value of $10. asset=3
2026-08-17T21:17:23.696Z Resize failed BTC 0129859f-b335-41c0-96dc-a8e3df8dc2ca: Order must have minimum value of $10. asset=3
2026-08-17T21:17:43.877Z Resize failed BTC 0129859f-b335-41c0-96dc-a8e3df8dc2ca: Order must have minimum value of $10. asset=3
2026-08-17T21:18:03.475Z Resize failed BTC 0129859f-b335-41c0-96dc-a8e3df8dc2ca: Order must have minimum value of $10. asset=3
2026-08-17T21:18:23.289Z Resize failed BTC 0129859f-b335-41c0-96dc-a8e3df8dc2ca: Order must have minimum value of $10. asset=3
2026-08-17T21:18:43.140Z Resize failed BTC 0129859f-b335-41c0-96dc-a8e3df8dc2ca: Order must have minimum value of $10. asset=3
2026-08-17T21:19:03.237Z Resize failed BTC 0129859f-b335-41c0-96dc-a8e3df8dc2ca: Order must have minimum value of $10. asset=3
2026-08-17T21:19:24.011Z Resize failed BTC 0129859f-b335-41c0-96dc-a8e3df8dc2ca: Order must have minimum value of $10. asset=3
2026-08-17T21:19:43.811Z Resize failed BTC 0129859f-b335-41c0-96dc-a8e3df8dc2ca: Order must have minimum value of $10. asset=3
2026-08-17T21:20:03.861Z Resize failed BTC 0129859f-b335-41c0-96dc-a8e3df8dc2ca: Order must have minimum value of $10. asset=3
2026-08-17T21:20:23.771Z Resize failed BTC 0129859f-b335-41c0-96dc-a8e3df8dc2ca: Order must have minimum value of $10. asset=3
2026-08-17T21:20:43.609Z Resize failed BTC 0129859f-b335-41c0-96dc-a8e3df8dc2ca: Order must have minimum value of $10. asset=3
2026-08-17T21:21:03.358Z Resize failed BTC 0129859f-b335-41c0-96dc-a8e3df8dc2ca: Order must have minimum value of $10. asset=3
2026-08-17T21:21:23.400Z Resize failed BTC 0129859f-b335-41c0-96dc-a8e3df8dc2ca: Order must have minimum value of $10. asset=3
2026-08-17T21:21:43.256Z Resize failed BTC 0129859f-b335-41c0-96dc-a8e3df8dc2ca: Order must have minimum value of $10. asset=3
2026-08-17T21:22:03.294Z Resize failed BTC 0129859f-b335-41c0-96dc-a8e3df8dc2ca: Order must have minimum value of $10. asset=3
2026-08-17T21:22:23.381Z Resize failed BTC 0129859f-b335-41c0-96dc-a8e3df8dc2ca: Order must have minimum value of $10. asset=3
2026-08-17T21:22:43.415Z Resize failed BTC 0129859f-b335-41c0-96dc-a8e3df8dc2ca: Order must have minimum value of $10. asset=3
2026-08-17T21:23:03.796Z Resize failed BTC 0129859f-b335-41c0-96dc-a8e3df8dc2ca: Order must have minimum value of $10. asset=3
2026-08-17T21:23:23.847Z Resize failed BTC 0129859f-b335-41c0-96dc-a8e3df8dc2ca: Order must have minimum value of $10. asset=3
2026-08-17T21:23:43.996Z Resize failed BTC 0129859f-b335-41c0-96dc-a8e3df8dc2ca: Order must have minimum value of $10. asset=3
2026-08-17T21:24:04.116Z Resize failed BTC 0129859f-b335-41c0-96dc-a8e3df8dc2ca: Order must have minimum value of $10. asset=3
2026-08-17T21:24:24.238Z Resize failed BTC 0129859f-b335-41c0-96dc-a8e3df8dc2ca: Order must have minimum value of $10. asset=3
2026-08-17T21:24:43.904Z Resize failed BTC 0129859f-b335-41c0-96dc-a8e3df8dc2ca: Order must have minimum value of $10. asset=3
2026-08-17T21:25:04.305Z Resize failed BTC 0129859f-b335-41c0-96dc-a8e3df8dc2ca: Order must have minimum value of $10. asset=3
2026-08-17T21:25:24.692Z Resize failed BTC 0129859f-b335-41c0-96dc-a8e3df8dc2ca: Order must have minimum value of $10. asset=3
2026-08-17T21:25:44.194Z Resize failed BTC 0129859f-b335-41c0-96dc-a8e3df8dc2ca: Order must have minimum value of $10. asset=3
2026-08-17T21:26:04.592Z Resize failed BTC 0129859f-b335-41c0-96dc-a8e3df8dc2ca: Order must have minimum value of $10. asset=3
2026-08-17T21:26:24.740Z Resize failed BTC 0129859f-b335-41c0-96dc-a8e3df8dc2ca: Order must have minimum value of $10. asset=3
2026-08-17T21:26:44.747Z Resize failed BTC 0129859f-b335-41c0-96dc-a8e3df8dc2ca: Order must have minimum value of $10. asset=3
2026-08-17T21:27:04.813Z Resize failed BTC 0129859f-b335-41c0-96dc-a8e3df8dc2ca: Order must have minimum value of $10. asset=3
2026-08-17T21:27:24.791Z Resize failed BTC 0129859f-b335-41c0-96dc-a8e3df8dc2ca: Order must have minimum value of $10. asset=3
2026-08-17T21:27:44.518Z Resize failed BTC 0129859f-b335-41c0-96dc-a8e3df8dc2ca: Order must have minimum value of $10. asset=3
2026-08-17T21:28:04.809Z Resize failed BTC 0129859f-b335-41c0-96dc-a8e3df8dc2ca: Order must have minimum value of $10. asset=3
2026-08-17T21:28:24.604Z Resize failed BTC 0129859f-b335-41c0-96dc-a8e3df8dc2ca: Order must have minimum value of $10. asset=3
2026-08-17T21:28:44.043Z Resize failed BTC 0129859f-b335-41c0-96dc-a8e3df8dc2ca: Order must have minimum value of $10. asset=3
2026-08-17T21:29:04.050Z Resize failed BTC 0129859f-b335-41c0-96dc-a8e3df8dc2ca: Order must have minimum value of $10. asset=3
2026-08-17T21:29:24.322Z Resize failed BTC 0129859f-b335-41c0-96dc-a8e3df8dc2ca: Order must have minimum value of $10. asset=3
2026-08-17T21:29:44.258Z Resize failed BTC 0129859f-b335-41c0-96dc-a8e3df8dc2ca: Order must have minimum value of $10. asset=3
2026-08-17T21:30:04.689Z Resize failed BTC 0129859f-b335-41c0-96dc-a8e3df8dc2ca: Order must have minimum value of $10. asset=3
2026-08-17T21:30:24.510Z Resize failed BTC 0129859f-b335-41c0-96dc-a8e3df8dc2ca: Order must have minimum value of $10. asset=3
2026-08-17T21:30:44.916Z Resize failed BTC 0129859f-b335-41c0-96dc-a8e3df8dc2ca: Order must have minimum value of $10. asset=3
2026-08-17T21:31:05.339Z Resize failed BTC 0129859f-b335-41c0-96dc-a8e3df8dc2ca: Order must have minimum value of $10. asset=3
2026-08-17T21:31:25.230Z Resize failed BTC 0129859f-b335-41c0-96dc-a8e3df8dc2ca: Order must have minimum value of $10. asset=3
2026-08-17T21:31:44.930Z Resize failed BTC 0129859f-b335-41c0-96dc-a8e3df8dc2ca: Order must have minimum value of $10. asset=3
2026-08-17T21:32:05.307Z Resize failed BTC 0129859f-b335-41c0-96dc-a8e3df8dc2ca: Order must have minimum value of $10. asset=3
2026-08-17T21:32:25.217Z Resize failed BTC 0129859f-b335-41c0-96dc-a8e3df8dc2ca: Order must have minimum value of $10. asset=3
2026-08-17T21:32:45.329Z Resize failed BTC 0129859f-b335-41c0-96dc-a8e3df8dc2ca: Order must have minimum value of $10. asset=3
2026-08-17T21:33:05.286Z Resize failed BTC 0129859f-b335-41c0-96dc-a8e3df8dc2ca: Order must have minimum value of $10. asset=3
2026-08-17T21:33:25.631Z Resize failed BTC 0129859f-b335-41c0-96dc-a8e3df8dc2ca: Order must have minimum value of $10. asset=3
2026-08-17T21:33:45.439Z Resize failed BTC 0129859f-b335-41c0-96dc-a8e3df8dc2ca: Order must have minimum value of $10. asset=3
2026-08-17T21:34:05.483Z Resize failed BTC 0129859f-b335-41c0-96dc-a8e3df8dc2ca: Order must have minimum value of $10. asset=3
2026-08-17T21:34:25.819Z Resize failed BTC 0129859f-b335-41c0-96dc-a8e3df8dc2ca: Order must have minimum value of $10. asset=3
2026-08-17T21:34:45.519Z Resize failed BTC 0129859f-b335-41c0-96dc-a8e3df8dc2ca: Order must have minimum value of $10. asset=3
2026-08-17T21:35:05.384Z Resize failed BTC 0129859f-b335-41c0-96dc-a8e3df8dc2ca: Order must have minimum value of $10. asset=3
2026-08-17T21:35:25.526Z Resize failed BTC 0129859f-b335-41c0-96dc-a8e3df8dc2ca: Order must have minimum value of $10. asset=3
2026-08-17T21:35:44.856Z Resize failed BTC 0129859f-b335-41c0-96dc-a8e3df8dc2ca: Order must have minimum value of $10. asset=3
2026-08-17T21:36:05.234Z Resize failed BTC 0129859f-b335-41c0-96dc-a8e3df8dc2ca: Order must have minimum value of $10. asset=3
2026-08-17T21:36:25.206Z Resize failed BTC 0129859f-b335-41c0-96dc-a8e3df8dc2ca: Order must have minimum value of $10. asset=3
2026-08-17T21:36:45.255Z Resize failed BTC 0129859f-b335-41c0-96dc-a8e3df8dc2ca: Order must have minimum value of $10. asset=3
2026-08-17T21:37:05.232Z Resize failed BTC 0129859f-b335-41c0-96dc-a8e3df8dc2ca: Order must have minimum value of $10. asset=3
2026-08-17T21:37:24.981Z Resize failed BTC 0129859f-b335-41c0-96dc-a8e3df8dc2ca: Order must have minimum value of $10. asset=3
2026-08-17T21:37:44.925Z Resize failed BTC 0129859f-b335-41c0-96dc-a8e3df8dc2ca: Order must have minimum value of $10. asset=3
2026-08-17T21:38:05.103Z Resize failed BTC 0129859f-b335-41c0-96dc-a8e3df8dc2ca: Order must have minimum value of $10. asset=3
2026-08-17T21:38:25.487Z Resize failed BTC 0129859f-b335-41c0-96dc-a8e3df8dc2ca: Order must have minimum value of $10. asset=3
2026-08-17T21:38:45.625Z Resize failed BTC 0129859f-b335-41c0-96dc-a8e3df8dc2ca: Order must have minimum value of $10. asset=3
2026-08-17T21:39:05.351Z Resize failed BTC 0129859f-b335-41c0-96dc-a8e3df8dc2ca: Order must have minimum value of $10. asset=3
2026-08-17T21:39:25.319Z Resize failed BTC 0129859f-b335-41c0-96dc-a8e3df8dc2ca: Order must have minimum value of $10. asset=3
2026-08-17T21:39:45.439Z Resize failed BTC 0129859f-b335-41c0-96dc-a8e3df8dc2ca: Order must have minimum value of $10. asset=3
2026-08-17T21:40:05.670Z Resize failed BTC 0129859f-b335-41c0-96dc-a8e3df8dc2ca: Order must have minimum value of $10. asset=3
2026-08-17T21:40:25.678Z Resize failed BTC 0129859f-b335-41c0-96dc-a8e3df8dc2ca: Order must have minimum value of $10. asset=3
2026-08-17T21:40:45.789Z Resize failed BTC 0129859f-b335-41c0-96dc-a8e3df8dc2ca: Order must have minimum value of $10. asset=3
2026-08-17T21:41:05.799Z Resize failed BTC 0129859f-b335-41c0-96dc-a8e3df8dc2ca: Order must have minimum value of $10. asset=3
2026-08-17T21:41:25.776Z Resize failed BTC 0129859f-b335-41c0-96dc-a8e3df8dc2ca: Order must have minimum value of $10. asset=3
2026-08-17T21:41:45.864Z Resize failed BTC 0129859f-b335-41c0-96dc-a8e3df8dc2ca: Order must have minimum value of $10. asset=3
2026-08-17T21:42:06.120Z Resize failed BTC 0129859f-b335-41c0-96dc-a8e3df8dc2ca: Order must have minimum value of $10. asset=3
2026-08-17T21:42:26.199Z Resize failed BTC 0129859f-b335-41c0-96dc-a8e3df8dc2ca: Order must have minimum value of $10. asset=3
2026-08-17T21:42:46.348Z Resize failed BTC 0129859f-b335-41c0-96dc-a8e3df8dc2ca: Order must have minimum value of $10. asset=3
2026-08-17T21:43:06.683Z Resize failed BTC 0129859f-b335-41c0-96dc-a8e3df8dc2ca: Order must have minimum value of $10. asset=3
2026-08-17T21:43:27.115Z Resize failed BTC 0129859f-b335-41c0-96dc-a8e3df8dc2ca: Order must have minimum value of $10. asset=3
2026-08-17T21:43:47.957Z Resize failed BTC 0129859f-b335-41c0-96dc-a8e3df8dc2ca: Order must have minimum value of $10. asset=3
2026-08-17T21:44:08.034Z Resize failed BTC 0129859f-b335-41c0-96dc-a8e3df8dc2ca: Order must have minimum value of $10. asset=3
2026-08-17T21:44:27.612Z Resize failed BTC 0129859f-b335-41c0-96dc-a8e3df8dc2ca: Order must have minimum value of $10. asset=3
2026-08-17T21:44:47.940Z Resize failed BTC 0129859f-b335-41c0-96dc-a8e3df8dc2ca: Order must have minimum value of $10. asset=3
2026-08-17T21:45:08.096Z Resize failed BTC 0129859f-b335-41c0-96dc-a8e3df8dc2ca: Order must have minimum value of $10. asset=3
2026-08-17T21:45:28.466Z Resize failed BTC 0129859f-b335-41c0-96dc-a8e3df8dc2ca: Order must have minimum value of $10. asset=3
2026-08-17T21:45:48.397Z Resize failed BTC 0129859f-b335-41c0-96dc-a8e3df8dc2ca: Order must have minimum value of $10. asset=3
2026-08-17T21:46:08.615Z Resize failed BTC 0129859f-b335-41c0-96dc-a8e3df8dc2ca: Order must have minimum value of $10. asset=3
2026-08-17T21:46:29.007Z Resize failed BTC 0129859f-b335-41c0-96dc-a8e3df8dc2ca: Order must have minimum value of $10. asset=3
2026-08-17T21:46:49.741Z Resize failed BTC 0129859f-b335-41c0-96dc-a8e3df8dc2ca: Order must have minimum value of $10. asset=3
2026-08-17T21:47:09.543Z Resize failed BTC 0129859f-b335-41c0-96dc-a8e3df8dc2ca: Order must have minimum value of $10. asset=3
2026-08-17T21:47:29.457Z Resize failed BTC 0129859f-b335-41c0-96dc-a8e3df8dc2ca: Order must have minimum value of $10. asset=3
2026-08-17T21:47:50.004Z Resize failed BTC 0129859f-b335-41c0-96dc-a8e3df8dc2ca: Order must have minimum value of $10. asset=3
2026-08-17T21:48:10.149Z Resize failed BTC 0129859f-b335-41c0-96dc-a8e3df8dc2ca: Order must have minimum value of $10. asset=3
2026-08-17T21:48:29.852Z Resize failed BTC 0129859f-b335-41c0-96dc-a8e3df8dc2ca: Order must have minimum value of $10. asset=3
2026-08-17T21:48:50.383Z Resize failed BTC 0129859f-b335-41c0-96dc-a8e3df8dc2ca: Order must have minimum value of $10. asset=3
2026-08-17T21:49:10.082Z Resize failed BTC 0129859f-b335-41c0-96dc-a8e3df8dc2ca: Order must have minimum value of $10. asset=3
2026-08-17T21:49:30.765Z Resize failed BTC 0129859f-b335-41c0-96dc-a8e3df8dc2ca: Order must have minimum value of $10. asset=3
2026-08-17T21:49:51.292Z Resize failed BTC 0129859f-b335-41c0-96dc-a8e3df8dc2ca: Order must have minimum value of $10. asset=3
2026-08-17T21:50:11.691Z Resize failed BTC 0129859f-b335-41c0-96dc-a8e3df8dc2ca: Order must have minimum value of $10. asset=3
2026-08-17T21:50:31.964Z Resize failed BTC 0129859f-b335-41c0-96dc-a8e3df8dc2ca: Order must have minimum value of $10. asset=3
2026-08-17T21:50:52.320Z Resize failed BTC 0129859f-b335-41c0-96dc-a8e3df8dc2ca: Order must have minimum value of $10. asset=3
2026-08-17T21:51:12.346Z Resize failed BTC 0129859f-b335-41c0-96dc-a8e3df8dc2ca: Order must have minimum value of $10. asset=3
2026-08-17T21:51:32.457Z Resize failed BTC 0129859f-b335-41c0-96dc-a8e3df8dc2ca: Order must have minimum value of $10. asset=3
2026-08-17T21:51:52.135Z Resize failed BTC 0129859f-b335-41c0-96dc-a8e3df8dc2ca: Order must have minimum value of $10. asset=3
2026-08-17T21:52:12.538Z Resize failed BTC 0129859f-b335-41c0-96dc-a8e3df8dc2ca: Order must have minimum value of $10. asset=3
2026-08-17T21:52:32.980Z Resize failed BTC 0129859f-b335-41c0-96dc-a8e3df8dc2ca: Order must have minimum value of $10. asset=3
2026-08-17T21:52:53.154Z Resize failed BTC 0129859f-b335-41c0-96dc-a8e3df8dc2ca: Order must have minimum value of $10. asset=3
2026-08-17T21:53:13.250Z Resize failed BTC 0129859f-b335-41c0-96dc-a8e3df8dc2ca: Order must have minimum value of $10. asset=3
2026-08-17T21:53:33.333Z Resize failed BTC 0129859f-b335-41c0-96dc-a8e3df8dc2ca: Order must have minimum value of $10. asset=3
2026-08-17T21:53:53.289Z Resize failed BTC 0129859f-b335-41c0-96dc-a8e3df8dc2ca: Order must have minimum value of $10. asset=3
2026-08-17T21:54:13.492Z Resize failed BTC 0129859f-b335-41c0-96dc-a8e3df8dc2ca: Order must have minimum value of $10. asset=3
2026-08-17T21:54:33.357Z Resize failed BTC 0129859f-b335-41c0-96dc-a8e3df8dc2ca: Order must have minimum value of $10. asset=3
2026-08-17T21:54:54.178Z Resize failed BTC 0129859f-b335-41c0-96dc-a8e3df8dc2ca: Order must have minimum value of $10. asset=3
2026-08-17T21:55:14.268Z Resize failed BTC 0129859f-b335-41c0-96dc-a8e3df8dc2ca: Order must have minimum value of $10. asset=3
2026-08-17T21:55:34.441Z Resize failed BTC 0129859f-b335-41c0-96dc-a8e3df8dc2ca: Order must have minimum value of $10. asset=3
2026-08-17T21:55:55.128Z Resize failed BTC 0129859f-b335-41c0-96dc-a8e3df8dc2ca: Order must have minimum value of $10. asset=3
2026-08-17T21:56:15.356Z Resize failed BTC 0129859f-b335-41c0-96dc-a8e3df8dc2ca: Order must have minimum value of $10. asset=3
2026-08-17T21:56:35.767Z Resize failed BTC 0129859f-b335-41c0-96dc-a8e3df8dc2ca: Order must have minimum value of $10. asset=3
2026-08-17T21:56:55.600Z Resize failed BTC 0129859f-b335-41c0-96dc-a8e3df8dc2ca: Order must have minimum value of $10. asset=3
2026-08-17T21:57:15.726Z Resize failed BTC 0129859f-b335-41c0-96dc-a8e3df8dc2ca: Order must have minimum value of $10. asset=3
2026-08-17T21:57:36.392Z Resize failed BTC 0129859f-b335-41c0-96dc-a8e3df8dc2ca: Order must have minimum value of $10. asset=3
2026-08-17T21:57:56.467Z Resize failed BTC 0129859f-b335-41c0-96dc-a8e3df8dc2ca: Order must have minimum value of $10. asset=3
2026-08-17T21:58:16.460Z Resize failed BTC 0129859f-b335-41c0-96dc-a8e3df8dc2ca: Order must have minimum value of $10. asset=3
2026-08-17T21:58:36.854Z Resize failed BTC 0129859f-b335-41c0-96dc-a8e3df8dc2ca: Order must have minimum value of $10. asset=3
2026-08-17T21:58:57.165Z Resize failed BTC 0129859f-b335-41c0-96dc-a8e3df8dc2ca: Order must have minimum value of $10. asset=3
2026-08-17T21:59:17.379Z Resize failed BTC 0129859f-b335-41c0-96dc-a8e3df8dc2ca: Order must have minimum value of $10. asset=3
2026-08-17T21:59:36.956Z Resize failed BTC 0129859f-b335-41c0-96dc-a8e3df8dc2ca: Order must have minimum value of $10. asset=3
2026-08-17T21:59:57.337Z Resize failed BTC 0129859f-b335-41c0-96dc-a8e3df8dc2ca: Order must have minimum value of $10. asset=3
2026-08-17T22:00:17.932Z Resize failed BTC 0129859f-b335-41c0-96dc-a8e3df8dc2ca: Order must have minimum value of $10. asset=3
2026-08-17T22:00:38.116Z Resize failed BTC 0129859f-b335-41c0-96dc-a8e3df8dc2ca: Order must have minimum value of $10. asset=3
2026-08-17T22:00:58.594Z Resize failed BTC 0129859f-b335-41c0-96dc-a8e3df8dc2ca: Order must have minimum value of $10. asset=3
2026-08-17T22:01:18.996Z Resize failed BTC 0129859f-b335-41c0-96dc-a8e3df8dc2ca: Order must have minimum value of $10. asset=3
2026-08-17T22:01:39.419Z Resize failed BTC 0129859f-b335-41c0-96dc-a8e3df8dc2ca: Order must have minimum value of $10. asset=3
2026-08-17T22:01:59.158Z Resize failed BTC 0129859f-b335-41c0-96dc-a8e3df8dc2ca: Order must have minimum value of $10. asset=3
2026-08-17T22:02:19.645Z Resize failed BTC 0129859f-b335-41c0-96dc-a8e3df8dc2ca: Order must have minimum value of $10. asset=3
2026-08-17T22:02:39.839Z Resize failed BTC 0129859f-b335-41c0-96dc-a8e3df8dc2ca: Order must have minimum value of $10. asset=3
2026-08-17T22:02:59.305Z Resize failed BTC 0129859f-b335-41c0-96dc-a8e3df8dc2ca: Order must have minimum value of $10. asset=3
2026-08-17T22:03:19.004Z Resize failed BTC 0129859f-b335-41c0-96dc-a8e3df8dc2ca: Order must have minimum value of $10. asset=3
2026-08-17T22:03:39.212Z Resize failed BTC 0129859f-b335-41c0-96dc-a8e3df8dc2ca: Order must have minimum value of $10. asset=3
2026-08-17T22:03:59.550Z Resize failed BTC 0129859f-b335-41c0-96dc-a8e3df8dc2ca: Order must have minimum value of $10. asset=3
2026-08-17T22:04:19.637Z Resize failed BTC 0129859f-b335-41c0-96dc-a8e3df8dc2ca: Order must have minimum value of $10. asset=3
2026-08-17T22:04:39.498Z Resize failed BTC 0129859f-b335-41c0-96dc-a8e3df8dc2ca: Order must have minimum value of $10. asset=3
2026-08-17T22:04:59.667Z Resize failed BTC 0129859f-b335-41c0-96dc-a8e3df8dc2ca: Order must have minimum value of $10. asset=3
2026-08-17T22:05:19.880Z Resize failed BTC 0129859f-b335-41c0-96dc-a8e3df8dc2ca: Order must have minimum value of $10. asset=3
2026-08-17T22:05:40.301Z Resize failed BTC 0129859f-b335-41c0-96dc-a8e3df8dc2ca: Order must have minimum value of $10. asset=3
2026-08-17T22:06:01.087Z Resize failed BTC 0129859f-b335-41c0-96dc-a8e3df8dc2ca: Order must have minimum value of $10. asset=3
2026-08-17T22:06:21.032Z Resize failed BTC 0129859f-b335-41c0-96dc-a8e3df8dc2ca: Order must have minimum value of $10. asset=3
2026-08-17T22:06:41.507Z Resize failed BTC 0129859f-b335-41c0-96dc-a8e3df8dc2ca: Order must have minimum value of $10. asset=3
2026-08-17T22:07:02.036Z Resize failed BTC 0129859f-b335-41c0-96dc-a8e3df8dc2ca: Order must have minimum value of $10. asset=3
2026-08-17T22:07:21.835Z Resize failed BTC 0129859f-b335-41c0-96dc-a8e3df8dc2ca: Order must have minimum value of $10. asset=3
2026-08-17T22:07:42.063Z Resize failed BTC 0129859f-b335-41c0-96dc-a8e3df8dc2ca: Order must have minimum value of $10. asset=3
2026-08-17T22:08:02.726Z Resize failed BTC 0129859f-b335-41c0-96dc-a8e3df8dc2ca: Order must have minimum value of $10. asset=3
2026-08-17T22:08:23.011Z Resize failed BTC 0129859f-b335-41c0-96dc-a8e3df8dc2ca: Order must have minimum value of $10. asset=3
2026-08-17T22:08:43.520Z Resize failed BTC 0129859f-b335-41c0-96dc-a8e3df8dc2ca: Order must have minimum value of $10. asset=3
2026-08-17T22:09:03.255Z Resize failed BTC 0129859f-b335-41c0-96dc-a8e3df8dc2ca: Order must have minimum value of $10. asset=3
2026-08-17T22:09:23.310Z Resize failed BTC 0129859f-b335-41c0-96dc-a8e3df8dc2ca: Order must have minimum value of $10. asset=3
2026-08-17T22:09:43.318Z Resize failed BTC 0129859f-b335-41c0-96dc-a8e3df8dc2ca: Order must have minimum value of $10. asset=3
2026-08-17T22:10:03.738Z Resize failed BTC 0129859f-b335-41c0-96dc-a8e3df8dc2ca: Order must have minimum value of $10. asset=3
2026-08-17T22:10:23.723Z Resize failed BTC 0129859f-b335-41c0-96dc-a8e3df8dc2ca: Order must have minimum value of $10. asset=3
2026-08-17T22:10:44.047Z Resize failed BTC 0129859f-b335-41c0-96dc-a8e3df8dc2ca: Order must have minimum value of $10. asset=3
2026-08-17T22:11:04.200Z Resize failed BTC 0129859f-b335-41c0-96dc-a8e3df8dc2ca: Order must have minimum value of $10. asset=3
2026-08-17T22:11:24.307Z Resize failed BTC 0129859f-b335-41c0-96dc-a8e3df8dc2ca: Order must have minimum value of $10. asset=3
2026-08-17T22:11:44.488Z Resize failed BTC 0129859f-b335-41c0-96dc-a8e3df8dc2ca: Order must have minimum value of $10. asset=3
2026-08-17T22:12:04.548Z Resize failed BTC 0129859f-b335-41c0-96dc-a8e3df8dc2ca: Order must have minimum value of $10. asset=3
2026-08-17T22:12:24.492Z Resize failed BTC 0129859f-b335-41c0-96dc-a8e3df8dc2ca: Order must have minimum value of $10. asset=3
2026-08-17T22:12:43.692Z Resize failed BTC 0129859f-b335-41c0-96dc-a8e3df8dc2ca: Order must have minimum value of $10. asset=3
2026-08-17T22:13:03.923Z Resize failed BTC 0129859f-b335-41c0-96dc-a8e3df8dc2ca: Order must have minimum value of $10. asset=3
2026-08-17T22:13:24.120Z Resize failed BTC 0129859f-b335-41c0-96dc-a8e3df8dc2ca: Order must have minimum value of $10. asset=3
2026-08-17T22:13:43.986Z Resize failed BTC 0129859f-b335-41c0-96dc-a8e3df8dc2ca: Order must have minimum value of $10. asset=3
2026-08-17T22:14:04.173Z Resize failed BTC 0129859f-b335-41c0-96dc-a8e3df8dc2ca: Order must have minimum value of $10. asset=3
2026-08-17T22:14:24.461Z Resize failed BTC 0129859f-b335-41c0-96dc-a8e3df8dc2ca: Order must have minimum value of $10. asset=3
2026-08-17T22:14:44.179Z Resize failed BTC 0129859f-b335-41c0-96dc-a8e3df8dc2ca: Order must have minimum value of $10. asset=3
2026-08-17T22:15:04.534Z Resize failed BTC 0129859f-b335-41c0-96dc-a8e3df8dc2ca: Order must have minimum value of $10. asset=3
2026-08-17T22:15:24.461Z Resize failed BTC 0129859f-b335-41c0-96dc-a8e3df8dc2ca: Order must have minimum value of $10. asset=3
2026-08-17T22:15:44.295Z Resize failed BTC 0129859f-b335-41c0-96dc-a8e3df8dc2ca: Order must have minimum value of $10. asset=3
2026-08-17T22:16:04.516Z Resize failed BTC 0129859f-b335-41c0-96dc-a8e3df8dc2ca: Order must have minimum value of $10. asset=3
2026-08-17T22:16:24.267Z Resize failed BTC 0129859f-b335-41c0-96dc-a8e3df8dc2ca: Order must have minimum value of $10. asset=3
2026-08-17T22:16:44.094Z Resize failed BTC 0129859f-b335-41c0-96dc-a8e3df8dc2ca: Order must have minimum value of $10. asset=3
2026-08-17T22:17:04.374Z Resize failed BTC 0129859f-b335-41c0-96dc-a8e3df8dc2ca: Order must have minimum value of $10. asset=3
2026-08-17T22:17:24.882Z Resize failed BTC 0129859f-b335-41c0-96dc-a8e3df8dc2ca: Order must have minimum value of $10. asset=3
2026-08-17T22:17:44.893Z Resize failed BTC 0129859f-b335-41c0-96dc-a8e3df8dc2ca: Order must have minimum value of $10. asset=3
2026-08-17T22:18:05.272Z Resize failed BTC 0129859f-b335-41c0-96dc-a8e3df8dc2ca: Order must have minimum value of $10. asset=3
2026-08-17T22:18:25.329Z Resize failed BTC 0129859f-b335-41c0-96dc-a8e3df8dc2ca: Order must have minimum value of $10. asset=3
2026-08-17T22:18:45.741Z Resize failed BTC 0129859f-b335-41c0-96dc-a8e3df8dc2ca: Order must have minimum value of $10. asset=3
2026-08-17T22:19:06.491Z Resize failed BTC 0129859f-b335-41c0-96dc-a8e3df8dc2ca: Order must have minimum value of $10. asset=3
2026-08-17T22:19:26.669Z Resize failed BTC 0129859f-b335-41c0-96dc-a8e3df8dc2ca: Order must have minimum value of $10. asset=3
2026-08-17T22:19:47.276Z Resize failed BTC 0129859f-b335-41c0-96dc-a8e3df8dc2ca: Order must have minimum value of $10. asset=3
2026-08-17T22:20:07.608Z Resize failed BTC 0129859f-b335-41c0-96dc-a8e3df8dc2ca: Order must have minimum value of $10. asset=3
2026-08-17T22:20:28.336Z Resize failed BTC 0129859f-b335-41c0-96dc-a8e3df8dc2ca: Order must have minimum value of $10. asset=3
2026-08-17T22:20:48.494Z Resize failed BTC 0129859f-b335-41c0-96dc-a8e3df8dc2ca: Order must have minimum value of $10. asset=3
2026-08-17T22:21:08.679Z Resize failed BTC 0129859f-b335-41c0-96dc-a8e3df8dc2ca: Order must have minimum value of $10. asset=3
2026-08-17T22:21:29.201Z Resize failed BTC 0129859f-b335-41c0-96dc-a8e3df8dc2ca: Order must have minimum value of $10. asset=3
2026-08-17T22:21:49.217Z Resize failed BTC 0129859f-b335-41c0-96dc-a8e3df8dc2ca: Order must have minimum value of $10. asset=3
2026-08-17T22:22:09.575Z Resize failed BTC 0129859f-b335-41c0-96dc-a8e3df8dc2ca: Order must have minimum value of $10. asset=3
2026-08-17T22:22:29.714Z Resize failed BTC 0129859f-b335-41c0-96dc-a8e3df8dc2ca: Order must have minimum value of $10. asset=3
2026-08-17T22:22:49.795Z Resize failed BTC 0129859f-b335-41c0-96dc-a8e3df8dc2ca: Order must have minimum value of $10. asset=3
2026-08-17T22:23:10.249Z Resize failed BTC 0129859f-b335-41c0-96dc-a8e3df8dc2ca: Order must have minimum value of $10. asset=3
2026-08-17T22:23:30.533Z Resize failed BTC 0129859f-b335-41c0-96dc-a8e3df8dc2ca: Order must have minimum value of $10. asset=3
2026-08-17T22:23:50.769Z Resize failed BTC 0129859f-b335-41c0-96dc-a8e3df8dc2ca: Order must have minimum value of $10. asset=3
2026-08-17T22:24:10.861Z Resize failed BTC 0129859f-b335-41c0-96dc-a8e3df8dc2ca: Order must have minimum value of $10. asset=3
2026-08-17T22:24:31.358Z Resize failed BTC 0129859f-b335-41c0-96dc-a8e3df8dc2ca: Order must have minimum value of $10. asset=3
2026-08-17T22:24:51.447Z Resize failed BTC 0129859f-b335-41c0-96dc-a8e3df8dc2ca: Order must have minimum value of $10. asset=3
2026-08-17T22:25:11.420Z Resize failed BTC 0129859f-b335-41c0-96dc-a8e3df8dc2ca: Order must have minimum value of $10. asset=3
2026-08-17T22:25:31.440Z Resize failed BTC 0129859f-b335-41c0-96dc-a8e3df8dc2ca: Order must have minimum value of $10. asset=3
2026-08-17T22:25:51.407Z Resize failed BTC 0129859f-b335-41c0-96dc-a8e3df8dc2ca: Order must have minimum value of $10. asset=3
2026-08-17T22:26:11.497Z Resize failed BTC 0129859f-b335-41c0-96dc-a8e3df8dc2ca: Order must have minimum value of $10. asset=3
2026-08-17T22:26:31.372Z Resize failed BTC 0129859f-b335-41c0-96dc-a8e3df8dc2ca: Order must have minimum value of $10. asset=3
2026-08-17T22:26:51.365Z Resize failed BTC 0129859f-b335-41c0-96dc-a8e3df8dc2ca: Order must have minimum value of $10. asset=3
2026-08-17T22:27:11.177Z Resize failed BTC 0129859f-b335-41c0-96dc-a8e3df8dc2ca: Order must have minimum value of $10. asset=3
2026-08-17T22:27:30.840Z Resize failed BTC 0129859f-b335-41c0-96dc-a8e3df8dc2ca: Order must have minimum value of $10. asset=3
2026-08-17T22:27:50.668Z Resize failed BTC 0129859f-b335-41c0-96dc-a8e3df8dc2ca: Order must have minimum value of $10. asset=3
2026-08-17T22:28:11.230Z Resize failed BTC 0129859f-b335-41c0-96dc-a8e3df8dc2ca: Order must have minimum value of $10. asset=3
2026-08-17T22:28:31.178Z Resize failed BTC 0129859f-b335-41c0-96dc-a8e3df8dc2ca: Order must have minimum value of $10. asset=3
2026-08-17T22:28:51.104Z Resize failed BTC 0129859f-b335-41c0-96dc-a8e3df8dc2ca: Order must have minimum value of $10. asset=3
2026-08-17T22:29:11.399Z Resize failed BTC 0129859f-b335-41c0-96dc-a8e3df8dc2ca: Order must have minimum value of $10. asset=3
2026-08-17T22:29:31.915Z Resize failed BTC 0129859f-b335-41c0-96dc-a8e3df8dc2ca: Order must have minimum value of $10. asset=3
2026-08-17T22:29:52.327Z Resize failed BTC 0129859f-b335-41c0-96dc-a8e3df8dc2ca: Order must have minimum value of $10. asset=3
2026-08-17T22:30:12.567Z Resize failed BTC 0129859f-b335-41c0-96dc-a8e3df8dc2ca: Order must have minimum value of $10. asset=3
2026-08-17T22:30:33.288Z Resize failed BTC 0129859f-b335-41c0-96dc-a8e3df8dc2ca: Order must have minimum value of $10. asset=3
2026-08-17T22:30:53.887Z Resize failed BTC 0129859f-b335-41c0-96dc-a8e3df8dc2ca: Order must have minimum value of $10. asset=3
2026-08-17T22:31:14.359Z Resize failed BTC 0129859f-b335-41c0-96dc-a8e3df8dc2ca: Order must have minimum value of $10. asset=3
2026-08-17T22:31:34.735Z Resize failed BTC 0129859f-b335-41c0-96dc-a8e3df8dc2ca: Order must have minimum value of $10. asset=3
2026-08-17T22:31:55.128Z Resize failed BTC 0129859f-b335-41c0-96dc-a8e3df8dc2ca: Order must have minimum value of $10. asset=3
2026-08-17T22:32:15.902Z Resize failed BTC 0129859f-b335-41c0-96dc-a8e3df8dc2ca: Order must have minimum value of $10. asset=3
2026-08-17T22:32:36.200Z Resize failed BTC 0129859f-b335-41c0-96dc-a8e3df8dc2ca: Order must have minimum value of $10. asset=3
2026-08-17T22:32:57.048Z Resize failed BTC 0129859f-b335-41c0-96dc-a8e3df8dc2ca: Order must have minimum value of $10. asset=3
2026-08-17T22:33:17.276Z Resize failed BTC 0129859f-b335-41c0-96dc-a8e3df8dc2ca: Order must have minimum value of $10. asset=3
2026-08-17T22:33:37.346Z Resize failed BTC 0129859f-b335-41c0-96dc-a8e3df8dc2ca: Order must have minimum value of $10. asset=3
2026-08-17T22:33:57.874Z Resize failed BTC 0129859f-b335-41c0-96dc-a8e3df8dc2ca: Order must have minimum value of $10. asset=3
2026-08-17T22:34:18.751Z Resize failed BTC 0129859f-b335-41c0-96dc-a8e3df8dc2ca: Order must have minimum value of $10. asset=3
2026-08-17T22:34:39.206Z Resize failed BTC 0129859f-b335-41c0-96dc-a8e3df8dc2ca: Order must have minimum value of $10. asset=3
2026-08-17T22:34:59.469Z Resize failed BTC 0129859f-b335-41c0-96dc-a8e3df8dc2ca: Order must have minimum value of $10. asset=3
2026-08-17T22:35:20.137Z Resize failed BTC 0129859f-b335-41c0-96dc-a8e3df8dc2ca: Order must have minimum value of $10. asset=3
2026-08-17T22:35:40.211Z Resize failed BTC 0129859f-b335-41c0-96dc-a8e3df8dc2ca: Order must have minimum value of $10. asset=3
2026-08-17T22:36:01.169Z Resize failed BTC 0129859f-b335-41c0-96dc-a8e3df8dc2ca: Order must have minimum value of $10. asset=3
2026-08-17T22:36:21.586Z Resize failed BTC 0129859f-b335-41c0-96dc-a8e3df8dc2ca: Order must have minimum value of $10. asset=3
2026-08-17T22:36:41.674Z Resize failed BTC 0129859f-b335-41c0-96dc-a8e3df8dc2ca: Order must have minimum value of $10. asset=3
2026-08-17T22:37:01.779Z Resize failed BTC 0129859f-b335-41c0-96dc-a8e3df8dc2ca: Order must have minimum value of $10. asset=3
2026-08-17T22:37:22.065Z Resize failed BTC 0129859f-b335-41c0-96dc-a8e3df8dc2ca: Order must have minimum value of $10. asset=3
2026-08-17T22:37:42.047Z Resize failed BTC 0129859f-b335-41c0-96dc-a8e3df8dc2ca: Order must have minimum value of $10. asset=3
2026-08-17T22:38:02.185Z Resize failed BTC 0129859f-b335-41c0-96dc-a8e3df8dc2ca: Order must have minimum value of $10. asset=3
2026-08-17T22:38:22.379Z Resize failed BTC 0129859f-b335-41c0-96dc-a8e3df8dc2ca: Order must have minimum value of $10. asset=3
2026-08-17T22:38:42.693Z Resize failed BTC 0129859f-b335-41c0-96dc-a8e3df8dc2ca: Order must have minimum value of $10. asset=3
2026-08-17T22:39:02.981Z Resize failed BTC 0129859f-b335-41c0-96dc-a8e3df8dc2ca: Order must have minimum value of $10. asset=3
2026-08-17T22:39:23.641Z Resize failed BTC 0129859f-b335-41c0-96dc-a8e3df8dc2ca: Order must have minimum value of $10. asset=3
2026-08-17T22:39:43.816Z Resize failed BTC 0129859f-b335-41c0-96dc-a8e3df8dc2ca: Order must have minimum value of $10. asset=3
2026-08-17T22:40:03.738Z Resize failed BTC 0129859f-b335-41c0-96dc-a8e3df8dc2ca: Order must have minimum value of $10. asset=3
2026-08-17T22:40:23.681Z Resize failed BTC 0129859f-b335-41c0-96dc-a8e3df8dc2ca: Order must have minimum value of $10. asset=3
2026-08-17T22:40:43.584Z Resize failed BTC 0129859f-b335-41c0-96dc-a8e3df8dc2ca: Order must have minimum value of $10. asset=3
2026-08-17T22:41:03.536Z Resize failed BTC 0129859f-b335-41c0-96dc-a8e3df8dc2ca: Order must have minimum value of $10. asset=3
2026-08-17T22:41:24.085Z Resize failed BTC 0129859f-b335-41c0-96dc-a8e3df8dc2ca: Order must have minimum value of $10. asset=3
2026-08-17T22:41:44.424Z Resize failed BTC 0129859f-b335-41c0-96dc-a8e3df8dc2ca: Order must have minimum value of $10. asset=3
2026-08-17T22:42:04.873Z Resize failed BTC 0129859f-b335-41c0-96dc-a8e3df8dc2ca: Order must have minimum value of $10. asset=3
2026-08-17T22:42:25.068Z Resize failed BTC 0129859f-b335-41c0-96dc-a8e3df8dc2ca: Order must have minimum value of $10. asset=3
2026-08-17T22:42:45.357Z Resize failed BTC 0129859f-b335-41c0-96dc-a8e3df8dc2ca: Order must have minimum value of $10. asset=3
2026-08-17T22:43:05.777Z Resize failed BTC 0129859f-b335-41c0-96dc-a8e3df8dc2ca: Order must have minimum value of $10. asset=3
2026-08-17T22:43:26.012Z Resize failed BTC 0129859f-b335-41c0-96dc-a8e3df8dc2ca: Order must have minimum value of $10. asset=3
2026-08-17T22:43:46.178Z Resize failed BTC 0129859f-b335-41c0-96dc-a8e3df8dc2ca: Order must have minimum value of $10. asset=3
2026-08-17T22:44:05.938Z Resize failed BTC 0129859f-b335-41c0-96dc-a8e3df8dc2ca: Order must have minimum value of $10. asset=3
2026-08-17T22:44:25.670Z Resize failed BTC 0129859f-b335-41c0-96dc-a8e3df8dc2ca: Order must have minimum value of $10. asset=3
2026-08-17T22:44:45.718Z Resize failed BTC 0129859f-b335-41c0-96dc-a8e3df8dc2ca: Order must have minimum value of $10. asset=3
2026-08-17T22:45:05.814Z Resize failed BTC 0129859f-b335-41c0-96dc-a8e3df8dc2ca: Order must have minimum value of $10. asset=3
2026-08-17T22:45:26.084Z Resize failed BTC 0129859f-b335-41c0-96dc-a8e3df8dc2ca: Order must have minimum value of $10. asset=3
2026-08-17T22:45:46.062Z Resize failed BTC 0129859f-b335-41c0-96dc-a8e3df8dc2ca: Order must have minimum value of $10. asset=3
2026-08-17T22:46:05.986Z Resize failed BTC 0129859f-b335-41c0-96dc-a8e3df8dc2ca: Order must have minimum value of $10. asset=3
2026-08-17T22:46:25.666Z Resize failed BTC 0129859f-b335-41c0-96dc-a8e3df8dc2ca: Order must have minimum value of $10. asset=3
2026-08-17T22:46:45.765Z Resize failed BTC 0129859f-b335-41c0-96dc-a8e3df8dc2ca: Order must have minimum value of $10. asset=3
2026-08-17T22:47:05.819Z Resize failed BTC 0129859f-b335-41c0-96dc-a8e3df8dc2ca: Order must have minimum value of $10. asset=3
2026-08-17T22:47:25.951Z Resize failed BTC 0129859f-b335-41c0-96dc-a8e3df8dc2ca: Order must have minimum value of $10. asset=3
2026-08-17T22:47:45.854Z Resize failed BTC 0129859f-b335-41c0-96dc-a8e3df8dc2ca: Order must have minimum value of $10. asset=3
2026-08-17T22:48:05.778Z Resize failed BTC 0129859f-b335-41c0-96dc-a8e3df8dc2ca: Order must have minimum value of $10. asset=3
2026-08-17T22:48:26.057Z Resize failed BTC 0129859f-b335-41c0-96dc-a8e3df8dc2ca: Order must have minimum value of $10. asset=3
2026-08-17T22:48:46.013Z Resize failed BTC 0129859f-b335-41c0-96dc-a8e3df8dc2ca: Order must have minimum value of $10. asset=3
2026-08-17T22:49:06.077Z Resize failed BTC 0129859f-b335-41c0-96dc-a8e3df8dc2ca: Order must have minimum value of $10. asset=3
2026-08-17T22:49:25.991Z Resize failed BTC 0129859f-b335-41c0-96dc-a8e3df8dc2ca: Order must have minimum value of $10. asset=3
2026-08-17T22:49:46.495Z Resize failed BTC 0129859f-b335-41c0-96dc-a8e3df8dc2ca: Order must have minimum value of $10. asset=3
2026-08-17T22:50:06.814Z Resize failed BTC 0129859f-b335-41c0-96dc-a8e3df8dc2ca: Order must have minimum value of $10. asset=3
2026-08-17T22:50:26.555Z Resize failed BTC 0129859f-b335-41c0-96dc-a8e3df8dc2ca: Order must have minimum value of $10. asset=3
2026-08-17T22:50:46.796Z Resize failed BTC 0129859f-b335-41c0-96dc-a8e3df8dc2ca: Order must have minimum value of $10. asset=3
2026-08-17T22:51:07.135Z Resize failed BTC 0129859f-b335-41c0-96dc-a8e3df8dc2ca: Order must have minimum value of $10. asset=3
2026-08-17T22:51:27.337Z Resize failed BTC 0129859f-b335-41c0-96dc-a8e3df8dc2ca: Order must have minimum value of $10. asset=3
2026-08-17T22:51:47.334Z Resize failed BTC 0129859f-b335-41c0-96dc-a8e3df8dc2ca: Order must have minimum value of $10. asset=3
2026-08-17T22:52:07.232Z Resize failed BTC 0129859f-b335-41c0-96dc-a8e3df8dc2ca: Order must have minimum value of $10. asset=3
2026-08-17T22:52:27.462Z Resize failed BTC 0129859f-b335-41c0-96dc-a8e3df8dc2ca: Order must have minimum value of $10. asset=3
2026-08-17T22:52:47.534Z Resize failed BTC 0129859f-b335-41c0-96dc-a8e3df8dc2ca: Order must have minimum value of $10. asset=3
2026-08-17T22:53:07.544Z Resize failed BTC 0129859f-b335-41c0-96dc-a8e3df8dc2ca: Order must have minimum value of $10. asset=3
2026-08-17T22:53:27.873Z Resize failed BTC 0129859f-b335-41c0-96dc-a8e3df8dc2ca: Order must have minimum value of $10. asset=3
2026-08-17T22:53:47.932Z Resize failed BTC 0129859f-b335-41c0-96dc-a8e3df8dc2ca: Order must have minimum value of $10. asset=3
2026-08-17T22:54:08.143Z Resize failed BTC 0129859f-b335-41c0-96dc-a8e3df8dc2ca: Order must have minimum value of $10. asset=3
2026-08-17T22:54:28.495Z Resize failed BTC 0129859f-b335-41c0-96dc-a8e3df8dc2ca: Order must have minimum value of $10. asset=3
2026-08-17T22:54:48.612Z Resize failed BTC 0129859f-b335-41c0-96dc-a8e3df8dc2ca: Order must have minimum value of $10. asset=3
2026-08-17T22:55:09.145Z Resize failed BTC 0129859f-b335-41c0-96dc-a8e3df8dc2ca: Order must have minimum value of $10. asset=3
2026-08-17T22:55:29.074Z Resize failed BTC 0129859f-b335-41c0-96dc-a8e3df8dc2ca: Order must have minimum value of $10. asset=3
2026-08-17T22:55:49.548Z Resize failed BTC 0129859f-b335-41c0-96dc-a8e3df8dc2ca: Order must have minimum value of $10. asset=3
2026-08-17T22:56:10.062Z Resize failed BTC 0129859f-b335-41c0-96dc-a8e3df8dc2ca: Order must have minimum value of $10. asset=3
2026-08-17T22:56:29.762Z Resize failed BTC 0129859f-b335-41c0-96dc-a8e3df8dc2ca: Order must have minimum value of $10. asset=3
2026-08-17T22:56:49.996Z Resize failed BTC 0129859f-b335-41c0-96dc-a8e3df8dc2ca: Order must have minimum value of $10. asset=3
2026-08-17T22:57:09.749Z Resize failed BTC 0129859f-b335-41c0-96dc-a8e3df8dc2ca: Order must have minimum value of $10. asset=3
2026-08-17T22:57:30.150Z Resize failed BTC 0129859f-b335-41c0-96dc-a8e3df8dc2ca: Order must have minimum value of $10. asset=3
2026-08-17T22:57:50.292Z Resize failed BTC 0129859f-b335-41c0-96dc-a8e3df8dc2ca: Order must have minimum value of $10. asset=3
2026-08-17T22:58:10.668Z Resize failed BTC 0129859f-b335-41c0-96dc-a8e3df8dc2ca: Order must have minimum value of $10. asset=3
2026-08-17T22:58:31.190Z Resize failed BTC 0129859f-b335-41c0-96dc-a8e3df8dc2ca: Order must have minimum value of $10. asset=3
2026-08-17T22:58:51.374Z Resize failed BTC 0129859f-b335-41c0-96dc-a8e3df8dc2ca: Order must have minimum value of $10. asset=3
2026-08-17T22:59:11.363Z Resize failed BTC 0129859f-b335-41c0-96dc-a8e3df8dc2ca: Order must have minimum value of $10. asset=3
2026-08-17T22:59:31.595Z Resize failed BTC 0129859f-b335-41c0-96dc-a8e3df8dc2ca: Order must have minimum value of $10. asset=3
2026-08-17T22:59:51.954Z Resize failed BTC 0129859f-b335-41c0-96dc-a8e3df8dc2ca: Order must have minimum value of $10. asset=3
2026-08-17T23:00:12.142Z Resize failed BTC 0129859f-b335-41c0-96dc-a8e3df8dc2ca: Order must have minimum value of $10. asset=3
2026-08-17T23:00:32.587Z Resize failed BTC 0129859f-b335-41c0-96dc-a8e3df8dc2ca: Order must have minimum value of $10. asset=3
2026-08-17T23:00:53.183Z Resize failed BTC 0129859f-b335-41c0-96dc-a8e3df8dc2ca: Order must have minimum value of $10. asset=3
2026-08-17T23:01:13.359Z Resize failed BTC 0129859f-b335-41c0-96dc-a8e3df8dc2ca: Order must have minimum value of $10. asset=3
2026-08-17T23:01:33.566Z Resize failed BTC 0129859f-b335-41c0-96dc-a8e3df8dc2ca: Order must have minimum value of $10. asset=3
2026-08-17T23:01:53.993Z Resize failed BTC 0129859f-b335-41c0-96dc-a8e3df8dc2ca: Order must have minimum value of $10. asset=3
2026-08-17T23:02:14.314Z Resize failed BTC 0129859f-b335-41c0-96dc-a8e3df8dc2ca: Order must have minimum value of $10. asset=3
2026-08-17T23:02:34.379Z Resize failed BTC 0129859f-b335-41c0-96dc-a8e3df8dc2ca: Order must have minimum value of $10. asset=3
2026-08-17T23:02:54.628Z Resize failed BTC 0129859f-b335-41c0-96dc-a8e3df8dc2ca: Order must have minimum value of $10. asset=3
2026-08-17T23:03:15.033Z Resize failed BTC 0129859f-b335-41c0-96dc-a8e3df8dc2ca: Order must have minimum value of $10. asset=3
2026-08-17T23:03:35.688Z Resize failed BTC 0129859f-b335-41c0-96dc-a8e3df8dc2ca: Order must have minimum value of $10. asset=3
2026-08-17T23:03:55.756Z Resize failed BTC 0129859f-b335-41c0-96dc-a8e3df8dc2ca: Order must have minimum value of $10. asset=3
2026-08-17T23:04:16.311Z Resize failed BTC 0129859f-b335-41c0-96dc-a8e3df8dc2ca: Order must have minimum value of $10. asset=3
2026-08-17T23:04:36.450Z Resize failed BTC 0129859f-b335-41c0-96dc-a8e3df8dc2ca: Order must have minimum value of $10. asset=3
2026-08-17T23:04:56.590Z Resize failed BTC 0129859f-b335-41c0-96dc-a8e3df8dc2ca: Order must have minimum value of $10. asset=3
2026-08-17T23:05:17.491Z Resize failed BTC 0129859f-b335-41c0-96dc-a8e3df8dc2ca: Order must have minimum value of $10. asset=3
2026-08-17T23:05:37.732Z Resize failed BTC 0129859f-b335-41c0-96dc-a8e3df8dc2ca: Order must have minimum value of $10. asset=3
2026-08-17T23:05:58.369Z Resize failed BTC 0129859f-b335-41c0-96dc-a8e3df8dc2ca: Order must have minimum value of $10. asset=3
2026-08-17T23:06:18.677Z Resize failed BTC 0129859f-b335-41c0-96dc-a8e3df8dc2ca: Order must have minimum value of $10. asset=3
2026-08-17T23:06:39.082Z Resize failed BTC 0129859f-b335-41c0-96dc-a8e3df8dc2ca: Order must have minimum value of $10. asset=3
2026-08-17T23:06:59.581Z Resize failed BTC 0129859f-b335-41c0-96dc-a8e3df8dc2ca: Order must have minimum value of $10. asset=3
2026-08-17T23:07:20.011Z Resize failed BTC 0129859f-b335-41c0-96dc-a8e3df8dc2ca: Order must have minimum value of $10. asset=3
2026-08-17T23:07:40.663Z Resize failed BTC 0129859f-b335-41c0-96dc-a8e3df8dc2ca: Order must have minimum value of $10. asset=3
2026-08-17T23:08:01.299Z Resize failed BTC 0129859f-b335-41c0-96dc-a8e3df8dc2ca: Order must have minimum value of $10. asset=3
2026-08-17T23:08:21.486Z Resize failed BTC 0129859f-b335-41c0-96dc-a8e3df8dc2ca: Order must have minimum value of $10. asset=3
2026-08-17T23:08:41.984Z Resize failed BTC 0129859f-b335-41c0-96dc-a8e3df8dc2ca: Order must have minimum value of $10. asset=3
2026-08-17T23:09:02.142Z Resize failed BTC 0129859f-b335-41c0-96dc-a8e3df8dc2ca: Order must have minimum value of $10. asset=3
2026-08-17T23:09:22.289Z Resize failed BTC 0129859f-b335-41c0-96dc-a8e3df8dc2ca: Order must have minimum value of $10. asset=3
2026-08-17T23:09:42.524Z Resize failed BTC 0129859f-b335-41c0-96dc-a8e3df8dc2ca: Order must have minimum value of $10. asset=3
2026-08-17T23:10:02.812Z Resize failed BTC 0129859f-b335-41c0-96dc-a8e3df8dc2ca: Order must have minimum value of $10. asset=3
2026-08-17T23:10:22.620Z Resize failed BTC 0129859f-b335-41c0-96dc-a8e3df8dc2ca: Order must have minimum value of $10. asset=3
2026-08-17T23:10:43.048Z Resize failed BTC 0129859f-b335-41c0-96dc-a8e3df8dc2ca: Order must have minimum value of $10. asset=3
2026-08-17T23:11:02.868Z Resize failed BTC 0129859f-b335-41c0-96dc-a8e3df8dc2ca: Order must have minimum value of $10. asset=3
2026-08-17T23:11:22.843Z Resize failed BTC 0129859f-b335-41c0-96dc-a8e3df8dc2ca: Order must have minimum value of $10. asset=3
2026-08-17T23:11:43.003Z Resize failed BTC 0129859f-b335-41c0-96dc-a8e3df8dc2ca: Order must have minimum value of $10. asset=3
2026-08-17T23:12:02.875Z Resize failed BTC 0129859f-b335-41c0-96dc-a8e3df8dc2ca: Order must have minimum value of $10. asset=3
2026-08-17T23:12:23.547Z Resize failed BTC 0129859f-b335-41c0-96dc-a8e3df8dc2ca: Order must have minimum value of $10. asset=3
2026-08-17T23:12:43.375Z Resize failed BTC 0129859f-b335-41c0-96dc-a8e3df8dc2ca: Order must have minimum value of $10. asset=3
2026-08-17T23:13:03.292Z Resize failed BTC 0129859f-b335-41c0-96dc-a8e3df8dc2ca: Order must have minimum value of $10. asset=3
2026-08-17T23:13:23.524Z Resize failed BTC 0129859f-b335-41c0-96dc-a8e3df8dc2ca: Order must have minimum value of $10. asset=3
2026-08-17T23:13:43.331Z Resize failed BTC 0129859f-b335-41c0-96dc-a8e3df8dc2ca: Order must have minimum value of $10. asset=3
2026-08-17T23:14:03.799Z Resize failed BTC 0129859f-b335-41c0-96dc-a8e3df8dc2ca: Order must have minimum value of $10. asset=3
2026-08-17T23:14:23.795Z Resize failed BTC 0129859f-b335-41c0-96dc-a8e3df8dc2ca: Order must have minimum value of $10. asset=3
2026-08-17T23:14:43.502Z Resize failed BTC 0129859f-b335-41c0-96dc-a8e3df8dc2ca: Order must have minimum value of $10. asset=3
2026-08-17T23:15:03.109Z Resize failed BTC 0129859f-b335-41c0-96dc-a8e3df8dc2ca: Order must have minimum value of $10. asset=3
2026-08-17T23:15:23.107Z Resize failed BTC 0129859f-b335-41c0-96dc-a8e3df8dc2ca: Order must have minimum value of $10. asset=3
2026-08-17T23:15:43.156Z Resize failed BTC 0129859f-b335-41c0-96dc-a8e3df8dc2ca: Order must have minimum value of $10. asset=3
2026-08-17T23:16:03.219Z Resize failed BTC 0129859f-b335-41c0-96dc-a8e3df8dc2ca: Order must have minimum value of $10. asset=3
2026-08-17T23:16:23.203Z Resize failed BTC 0129859f-b335-41c0-96dc-a8e3df8dc2ca: Order must have minimum value of $10. asset=3
2026-08-17T23:16:43.392Z Resize failed BTC 0129859f-b335-41c0-96dc-a8e3df8dc2ca: Order must have minimum value of $10. asset=3
2026-08-17T23:17:03.250Z Resize failed BTC 0129859f-b335-41c0-96dc-a8e3df8dc2ca: Order must have minimum value of $10. asset=3
2026-08-17T23:17:22.971Z Resize failed BTC 0129859f-b335-41c0-96dc-a8e3df8dc2ca: Order must have minimum value of $10. asset=3
2026-08-17T23:17:43.421Z Resize failed BTC 0129859f-b335-41c0-96dc-a8e3df8dc2ca: Order must have minimum value of $10. asset=3
2026-08-17T23:18:03.672Z Resize failed BTC 0129859f-b335-41c0-96dc-a8e3df8dc2ca: Order must have minimum value of $10. asset=3
2026-08-17T23:18:23.337Z Resize failed BTC 0129859f-b335-41c0-96dc-a8e3df8dc2ca: Order must have minimum value of $10. asset=3
2026-08-17T23:18:43.159Z Resize failed BTC 0129859f-b335-41c0-96dc-a8e3df8dc2ca: Order must have minimum value of $10. asset=3
2026-08-17T23:19:02.965Z Resize failed BTC 0129859f-b335-41c0-96dc-a8e3df8dc2ca: Order must have minimum value of $10. asset=3
2026-08-17T23:19:22.910Z Resize failed BTC 0129859f-b335-41c0-96dc-a8e3df8dc2ca: Order must have minimum value of $10. asset=3
2026-08-17T23:19:42.540Z Resize failed BTC 0129859f-b335-41c0-96dc-a8e3df8dc2ca: Order must have minimum value of $10. asset=3
2026-08-17T23:20:02.673Z Resize failed BTC 0129859f-b335-41c0-96dc-a8e3df8dc2ca: Order must have minimum value of $10. asset=3
2026-08-17T23:20:23.212Z Resize failed BTC 0129859f-b335-41c0-96dc-a8e3df8dc2ca: Order must have minimum value of $10. asset=3
2026-08-17T23:20:42.796Z Resize failed BTC 0129859f-b335-41c0-96dc-a8e3df8dc2ca: Order must have minimum value of $10. asset=3
2026-08-17T23:21:02.438Z Resize failed BTC 0129859f-b335-41c0-96dc-a8e3df8dc2ca: Order must have minimum value of $10. asset=3
2026-08-17T23:21:22.515Z Resize failed BTC 0129859f-b335-41c0-96dc-a8e3df8dc2ca: Order must have minimum value of $10. asset=3
2026-08-17T23:21:42.709Z Resize failed BTC 0129859f-b335-41c0-96dc-a8e3df8dc2ca: Order must have minimum value of $10. asset=3
2026-08-17T23:22:03.262Z Resize failed BTC 0129859f-b335-41c0-96dc-a8e3df8dc2ca: Order must have minimum value of $10. asset=3
2026-08-17T23:22:23.853Z Resize failed BTC 0129859f-b335-41c0-96dc-a8e3df8dc2ca: Order must have minimum value of $10. asset=3
2026-08-17T23:22:44.150Z Resize failed BTC 0129859f-b335-41c0-96dc-a8e3df8dc2ca: Order must have minimum value of $10. asset=3
2026-08-17T23:23:04.086Z Resize failed BTC 0129859f-b335-41c0-96dc-a8e3df8dc2ca: Order must have minimum value of $10. asset=3
2026-08-17T23:23:23.970Z Resize failed BTC 0129859f-b335-41c0-96dc-a8e3df8dc2ca: Order must have minimum value of $10. asset=3
2026-08-17T23:23:44.042Z Resize failed BTC 0129859f-b335-41c0-96dc-a8e3df8dc2ca: Order must have minimum value of $10. asset=3
2026-08-17T23:24:04.350Z Resize failed BTC 0129859f-b335-41c0-96dc-a8e3df8dc2ca: Order must have minimum value of $10. asset=3
2026-08-17T23:24:25.191Z Resize failed BTC 0129859f-b335-41c0-96dc-a8e3df8dc2ca: Order must have minimum value of $10. asset=3
2026-08-17T23:24:45.156Z Resize failed BTC 0129859f-b335-41c0-96dc-a8e3df8dc2ca: Order must have minimum value of $10. asset=3
2026-08-17T23:25:05.836Z Resize failed BTC 0129859f-b335-41c0-96dc-a8e3df8dc2ca: Order must have minimum value of $10. asset=3
2026-08-17T23:25:26.235Z Resize failed BTC 0129859f-b335-41c0-96dc-a8e3df8dc2ca: Order must have minimum value of $10. asset=3
2026-08-17T23:25:46.112Z Resize failed BTC 0129859f-b335-41c0-96dc-a8e3df8dc2ca: Order must have minimum value of $10. asset=3
2026-08-17T23:26:06.342Z Resize failed BTC 0129859f-b335-41c0-96dc-a8e3df8dc2ca: Order must have minimum value of $10. asset=3
2026-08-17T23:26:26.458Z Resize failed BTC 0129859f-b335-41c0-96dc-a8e3df8dc2ca: Order must have minimum value of $10. asset=3
2026-08-17T23:26:46.121Z Resize failed BTC 0129859f-b335-41c0-96dc-a8e3df8dc2ca: Order must have minimum value of $10. asset=3
2026-08-17T23:27:06.815Z Resize failed BTC 0129859f-b335-41c0-96dc-a8e3df8dc2ca: Order must have minimum value of $10. asset=3
2026-08-17T23:27:26.818Z Resize failed BTC 0129859f-b335-41c0-96dc-a8e3df8dc2ca: Order must have minimum value of $10. asset=3
2026-08-17T23:27:46.753Z Resize failed BTC 0129859f-b335-41c0-96dc-a8e3df8dc2ca: Order must have minimum value of $10. asset=3
2026-08-17T23:28:07.057Z Resize failed BTC 0129859f-b335-41c0-96dc-a8e3df8dc2ca: Order must have minimum value of $10. asset=3
2026-08-17T23:28:26.988Z Resize failed BTC 0129859f-b335-41c0-96dc-a8e3df8dc2ca: Order must have minimum value of $10. asset=3
2026-08-17T23:28:47.524Z Resize failed BTC 0129859f-b335-41c0-96dc-a8e3df8dc2ca: Order must have minimum value of $10. asset=3
2026-08-17T23:29:06.477Z Resize failed BTC 0129859f-b335-41c0-96dc-a8e3df8dc2ca: fetch failed
2026-08-17T23:29:09.842Z copy tick failed: fetch failed
2026-08-17T23:29:09.851Z copy tick failed: fetch failed
2026-08-17T23:29:09.959Z copy tick failed: fetch failed
2026-08-17T23:29:10.952Z copy tick failed: fetch failed
2026-08-17T23:29:11.974Z copy tick failed: fetch failed
2026-08-17T23:29:12.987Z copy tick failed: fetch failed
2026-08-17T23:29:14.003Z copy tick failed: fetch failed
2026-08-17T23:29:15.023Z copy tick failed: fetch failed
2026-08-17T23:29:16.035Z copy tick failed: fetch failed
2026-08-17T23:29:17.044Z copy tick failed: fetch failed
2026-08-17T23:29:18.060Z copy tick failed: fetch failed
2026-08-17T23:29:19.077Z copy tick failed: fetch failed
2026-08-17T23:29:20.078Z copy tick failed: fetch failed
2026-08-17T23:29:21.086Z copy tick failed: fetch failed
2026-08-17T23:29:22.074Z copy tick failed: fetch failed
2026-08-17T23:29:23.074Z copy tick failed: fetch failed
2026-08-17T23:29:24.092Z copy tick failed: fetch failed
2026-08-17T23:29:24.869Z copy tick failed: fetch failed
2026-08-17T23:29:24.882Z copy tick failed: fetch failed
2026-08-17T23:29:24.891Z copy tick failed: fetch failed
2026-08-17T23:29:25.089Z copy tick failed: fetch failed
2026-08-17T23:29:26.120Z copy tick failed: fetch failed
2026-08-17T23:29:27.105Z copy tick failed: fetch failed
2026-08-17T23:29:28.104Z copy tick failed: fetch failed
2026-08-17T23:29:29.107Z copy tick failed: fetch failed
2026-08-17T23:29:30.139Z copy tick failed: fetch failed
2026-08-17T23:29:31.149Z copy tick failed: fetch failed
2026-08-17T23:29:32.139Z copy tick failed: fetch failed
2026-08-17T23:29:33.158Z copy tick failed: fetch failed
2026-08-17T23:29:34.165Z copy tick failed: fetch failed
2026-08-17T23:29:35.166Z copy tick failed: fetch failed
2026-08-17T23:29:36.180Z copy tick failed: fetch failed
2026-08-17T23:29:37.194Z copy tick failed: fetch failed
2026-08-17T23:29:38.196Z copy tick failed: fetch failed
2026-08-17T23:29:39.207Z copy tick failed: fetch failed
2026-08-17T23:29:39.902Z copy tick failed: fetch failed
2026-08-17T23:29:39.913Z copy tick failed: fetch failed
2026-08-17T23:29:39.922Z copy tick failed: fetch failed
2026-08-17T23:29:40.225Z copy tick failed: fetch failed
2026-08-17T23:29:41.228Z copy tick failed: fetch failed
2026-08-17T23:29:42.269Z copy tick failed: fetch failed
2026-08-17T23:29:43.256Z copy tick failed: fetch failed
2026-08-17T23:29:44.272Z copy tick failed: fetch failed
2026-08-17T23:29:45.277Z copy tick failed: fetch failed
2026-08-17T23:29:46.288Z copy tick failed: fetch failed
2026-08-17T23:29:47.313Z copy tick failed: fetch failed
2026-08-17T23:29:48.318Z copy tick failed: fetch failed
2026-08-17T23:29:49.359Z copy tick failed: fetch failed
2026-08-17T23:29:50.331Z copy tick failed: fetch failed
2026-08-17T23:29:51.359Z copy tick failed: fetch failed
2026-08-17T23:29:52.376Z copy tick failed: fetch failed
2026-08-17T23:29:53.385Z copy tick failed: fetch failed
2026-08-17T23:29:54.399Z copy tick failed: fetch failed
2026-08-17T23:29:54.935Z copy tick failed: fetch failed
2026-08-17T23:29:54.947Z copy tick failed: fetch failed
2026-08-17T23:29:54.955Z copy tick failed: fetch failed
2026-08-17T23:29:55.373Z copy tick failed: fetch failed
2026-08-17T23:29:56.393Z copy tick failed: fetch failed
2026-08-17T23:29:57.415Z copy tick failed: fetch failed
2026-08-17T23:29:58.399Z copy tick failed: fetch failed
2026-08-17T23:29:59.427Z copy tick failed: fetch failed
2026-08-17T23:30:00.418Z copy tick failed: fetch failed
2026-08-17T23:30:01.403Z copy tick failed: fetch failed
2026-08-17T23:30:02.436Z copy tick failed: fetch failed
2026-08-17T23:30:03.460Z copy tick failed: fetch failed
2026-08-17T23:30:04.436Z copy tick failed: fetch failed
2026-08-17T23:30:05.476Z copy tick failed: fetch failed
2026-08-17T23:30:06.464Z copy tick failed: fetch failed
2026-08-17T23:30:27.533Z Resize failed BTC 0129859f-b335-41c0-96dc-a8e3df8dc2ca: Order must have minimum value of $10. asset=3
2026-08-17T23:30:47.691Z Resize failed BTC 0129859f-b335-41c0-96dc-a8e3df8dc2ca: Order must have minimum value of $10. asset=3
2026-08-17T23:31:08.027Z Resize failed BTC 0129859f-b335-41c0-96dc-a8e3df8dc2ca: Order must have minimum value of $10. asset=3
2026-08-17T23:31:28.235Z Resize failed BTC 0129859f-b335-41c0-96dc-a8e3df8dc2ca: Order must have minimum value of $10. asset=3
2026-08-17T23:31:47.888Z Resize failed BTC 0129859f-b335-41c0-96dc-a8e3df8dc2ca: Order must have minimum value of $10. asset=3
2026-08-17T23:32:08.342Z Resize failed BTC 0129859f-b335-41c0-96dc-a8e3df8dc2ca: Order must have minimum value of $10. asset=3
2026-08-17T23:32:28.505Z Resize failed BTC 0129859f-b335-41c0-96dc-a8e3df8dc2ca: Order must have minimum value of $10. asset=3
2026-08-17T23:32:48.615Z Resize failed BTC 0129859f-b335-41c0-96dc-a8e3df8dc2ca: Order must have minimum value of $10. asset=3
2026-08-17T23:33:08.500Z Resize failed BTC 0129859f-b335-41c0-96dc-a8e3df8dc2ca: Order must have minimum value of $10. asset=3
2026-08-17T23:33:28.424Z Resize failed BTC 0129859f-b335-41c0-96dc-a8e3df8dc2ca: Order must have minimum value of $10. asset=3
2026-08-17T23:33:48.836Z Resize failed BTC 0129859f-b335-41c0-96dc-a8e3df8dc2ca: Order must have minimum value of $10. asset=3
2026-08-17T23:33:55.876Z WE were liquidated on HL for BTC (copy f7a9e8c8-4e2e-45ef-99ec-b64f6352204f) — marked dead, will not reopen
2026-08-17T23:33:55.881Z WE were liquidated on HL for BTC (copy 0129859f-b335-41c0-96dc-a8e3df8dc2ca) — marked dead, will not reopen
2026-08-18T04:17:37.056Z copy tick failed: fetch failed
2026-08-18T04:17:37.065Z copy tick failed: fetch failed
2026-08-18T04:17:37.846Z copy tick failed: fetch failed
2026-08-18T04:17:38.822Z copy tick failed: fetch failed
2026-08-18T04:17:39.835Z copy tick failed: fetch failed
2026-08-18T04:17:40.841Z copy tick failed: fetch failed
2026-08-18T04:17:41.843Z copy tick failed: fetch failed
2026-08-18T04:17:42.873Z copy tick failed: fetch failed
2026-08-18T04:17:43.869Z copy tick failed: fetch failed
2026-08-18T04:17:44.897Z copy tick failed: fetch failed
2026-08-18T04:17:45.883Z copy tick failed: fetch failed
2026-08-18T04:17:46.857Z copy tick failed: fetch failed
2026-08-18T04:17:46.866Z copy tick failed: fetch failed
2026-08-18T04:17:46.893Z copy tick failed: fetch failed
2026-08-18T04:17:47.900Z copy tick failed: fetch failed
2026-08-18T04:17:48.929Z copy tick failed: fetch failed
2026-08-18T04:17:49.940Z copy tick failed: fetch failed
2026-08-18T04:17:50.928Z copy tick failed: fetch failed
2026-08-18T04:17:51.956Z copy tick failed: fetch failed
2026-08-18T04:17:52.969Z copy tick failed: fetch failed
2026-08-18T04:17:53.953Z copy tick failed: fetch failed
2026-08-18T04:17:54.982Z copy tick failed: fetch failed
2026-08-18T04:17:55.958Z copy tick failed: fetch failed
2026-08-18T04:17:56.958Z copy tick failed: fetch failed
2026-08-18T04:17:57.980Z copy tick failed: fetch failed
2026-08-18T04:17:58.990Z copy tick failed: fetch failed
2026-08-18T04:17:59.997Z copy tick failed: fetch failed
2026-08-18T04:18:01.020Z copy tick failed: fetch failed
2026-08-18T04:18:01.875Z copy tick failed: fetch failed
2026-08-18T04:18:01.886Z copy tick failed: fetch failed
2026-08-18T04:18:01.894Z copy tick failed: fetch failed
2026-08-18T04:18:02.019Z copy tick failed: fetch failed
2026-08-18T04:18:03.019Z copy tick failed: fetch failed
2026-08-18T04:18:04.032Z copy tick failed: fetch failed
2026-08-18T04:18:05.050Z copy tick failed: fetch failed
2026-08-18T04:18:06.063Z copy tick failed: fetch failed
2026-08-18T04:18:07.072Z copy tick failed: fetch failed
2026-08-18T04:18:08.075Z copy tick failed: fetch failed
2026-08-18T04:18:09.080Z copy tick failed: fetch failed
2026-08-18T04:18:10.094Z copy tick failed: fetch failed
2026-08-18T04:18:11.132Z copy tick failed: fetch failed
2026-08-18T04:18:12.106Z copy tick failed: fetch failed
2026-08-18T04:18:13.126Z copy tick failed: fetch failed
2026-08-18T04:18:14.142Z copy tick failed: fetch failed
2026-08-18T04:18:15.149Z copy tick failed: fetch failed
2026-08-18T04:18:16.159Z copy tick failed: fetch failed
2026-08-18T04:18:16.894Z copy tick failed: fetch failed
2026-08-18T04:18:16.905Z copy tick failed: fetch failed
2026-08-18T04:18:16.912Z copy tick failed: fetch failed
2026-08-18T04:18:17.134Z copy tick failed: fetch failed
2026-08-18T04:18:18.141Z copy tick failed: fetch failed
2026-08-18T04:18:19.154Z copy tick failed: fetch failed
2026-08-18T04:18:20.170Z copy tick failed: fetch failed
2026-08-18T04:18:21.171Z copy tick failed: fetch failed
2026-08-18T04:18:22.193Z copy tick failed: fetch failed
2026-08-18T04:18:23.193Z copy tick failed: fetch failed
2026-08-18T04:18:24.231Z copy tick failed: fetch failed
2026-08-18T04:18:25.245Z copy tick failed: fetch failed
2026-08-18T04:18:26.239Z copy tick failed: fetch failed
2026-08-18T04:18:27.258Z copy tick failed: fetch failed
2026-08-18T04:18:28.249Z copy tick failed: fetch failed
2026-08-18T04:18:29.249Z copy tick failed: fetch failed
2026-08-18T04:18:30.253Z copy tick failed: fetch failed
2026-08-18T04:18:31.271Z copy tick failed: fetch failed
2026-08-18T04:18:31.908Z copy tick failed: fetch failed
2026-08-18T04:18:31.918Z copy tick failed: fetch failed
2026-08-18T04:18:32.257Z copy tick failed: fetch failed
2026-08-18T04:18:33.273Z copy tick failed: fetch failed
2026-08-18T04:18:34.299Z copy tick failed: fetch failed
2026-08-18T04:18:35.292Z copy tick failed: fetch failed
2026-08-18T04:18:36.301Z copy tick failed: fetch failed
2026-08-18T04:18:37.316Z copy tick failed: fetch failed
2026-08-18T08:43:18.536Z SKIP archiduc/Scalp Company HEMI short 25643f98-38dc-47a8-8c6b-62feb4a487ad: HL order failed: Order has invalid price.
2026-08-18T08:55:07.033Z copy tick failed: fetch failed
2026-08-18T09:17:35.487Z SKIP archiduc/Scalp Company ARB short 301618b8-0769-4abf-8c74-485a42849099: HL order failed: Order has invalid price.
2026-08-18T09:50:37.790Z copy tick failed: fetch failed
2026-08-18T11:15:24.398Z copy tick failed: fetch failed
2026-08-18T11:45:13.036Z SKIP crypto_rocket/Main SOL short bfbb5924-e1b3-4436-9752-6e4610a02f65: leverage 17x > HL max 10x
2026-08-18T12:01:10.661Z Retrying SOL bfbb5924-e1b3-4436-9752-6e4610a02f65 after skip (leverage 17x > HL max 10x)
2026-08-18T12:01:10.663Z Capped SOL bfbb5924-e1b3-4436-9752-6e4610a02f65 leverage 17x → HL max 10x
2026-08-18T13:01:27.376Z HL has BTC position the bot did not open (left untouched)
2026-08-18T13:21:29.417Z HL has SOL position the bot did not open (left untouched)
2026-08-18T14:58:57.306Z Capped SOL 3fd9ac23-d3f9-417a-8bc8-a80fa93211af leverage 17x → HL max 10x
2026-08-18T16:27:57.399Z HL has VINE position the bot did not open (left untouched)
2026-08-18T20:03:05.150Z copy tick failed: fetch failed (will retry)
2026-08-18T20:05:04.553Z HL recovered after: fetch failed
2026-08-18T21:45:41.537Z copy tick failed: HL info HTTP 502 (will retry)
2026-08-18T21:46:14.584Z HL recovered after: HL info HTTP 502
2026-08-19T07:01:20.081Z HL has NEAR position the bot did not open (left untouched)
2026-08-19T09:08:31.122Z copy tick failed: HL info HTTP 502 (will retry)
2026-08-19T09:09:03.680Z HL recovered after: HL info HTTP 502
2026-08-19T09:12:39.264Z HL has HEMI position the bot did not open (left untouched)
2026-08-19T10:11:04.201Z Capped SOL b6e903a1-02b4-4c7c-85ba-1a6b4fa3e2d9 leverage 15x → HL max 10x
2026-08-19T13:51:40.175Z SKIP booobsas/$100 ➡️ $1M HBAR short 0091b319-418f-48a1-b1d8-a296254293bf: HL order failed: Order must have minimum value of $10. asset=101
2026-08-19T13:52:00.087Z SKIP booobsas/$100 ➡️ $1M HEMI short bee1e6aa-3a63-466b-ad61-a95ee97117a2: HL order failed: Order must have minimum value of $10. asset=190
2026-08-19T13:52:02.985Z Capped SOL 67d468d5-64ad-4263-856e-76cf330faa69 leverage 20x → HL max 10x
2026-08-19T13:58:16.801Z HL has POL position the bot did not open (left untouched)
2026-08-19T13:58:16.803Z HL has FARTCOIN position the bot did not open (left untouched)
2026-08-19T13:58:16.805Z HL has SPX position the bot did not open (left untouched)
2026-08-19T15:31:39.868Z WE were liquidated on HL for ETH (copy 685985a9-cc21-4441-bdbf-6285af2a343f) — marked dead, will not reopen
2026-08-19T16:00:54.738Z SKIP booobsas/$100 ➡️ $1M kSHIB short abab9df4-104d-4d45-b393-f293bf0326ca: HL order failed: Order must have minimum value of $10. asset=29
2026-08-19T16:01:14.190Z Capped kBONK da64e01c-0305-40ca-b77a-e75fb65b7b15 leverage 10x → HL max 5x
2026-08-20T05:24:00.555Z WE were liquidated on HL for SOL (copy 3f4ac212-efe6-4551-a804-2f71cb15be53) — marked dead, will not reopen
2026-08-20T05:27:28.587Z WE were liquidated on HL for BTC (copy 660d93eb-345b-4ae3-b8a6-f3fb4f85d9bf) — marked dead, will not reopen
2026-08-20T05:27:47.719Z WE were liquidated on HL for AERO (copy 238b8825-4ff1-48df-a2b3-cb8a67b55100) — marked dead, will not reopen
2026-08-20T05:27:47.721Z WE were liquidated on HL for NEAR (copy 4476509f-1ec7-48e3-82f3-aa4cdf9add84) — marked dead, will not reopen
2026-08-20T05:27:47.722Z WE were liquidated on HL for WLD (copy b8aeff1c-6e57-45ad-9882-f5a0319f5d2e) — marked dead, will not reopen
2026-08-20T06:12:27.502Z WATCHDOG: copy-bot no heartbeat file — auto-restarting (fetcher is live)
2026-08-20T06:13:10.791Z SKIP booobsas/$100 ➡️ $1M CRV short 3b8dbe27-162f-456a-9dbe-eca06f64ee4d: coin not on Hyperliquid (CRV)
2026-08-20T06:13:27.542Z WATCHDOG: copy-bot no heartbeat file — auto-restarting (fetcher is live)
2026-08-20T06:20:57.983Z WATCHDOG: copy-bot pid 21288 not running — please restart it manually (fetcher is live)
