timestamp,action,trader,portfolio,coin,direction,baseId,entrySize,leverage,hlSize,reason,detail
2026-08-17T14:14:00.151Z,baseline,,,,,,,,,ignored 1 already-open Invo positions,895a5d66-8591-4d8b-b2d8-9ab728af3ea2
2026-08-17T14:14:00.158Z,alert,,,,,,,,,New Invo portfolio not in copy-config.json — not copying: crypto_rocket / Casino,
2026-08-17T14:14:00.160Z,alert,,,,,,,,,New Invo portfolio not in copy-config.json — not copying: crypto_rocket / Swings,
2026-08-17T14:14:00.164Z,alert,,,,,,,,,New Invo portfolio not in copy-config.json — not copying: archiduc / 100$ - 1000$ (Done!),
2026-08-17T14:14:00.165Z,alert,,,,,,,,,New Invo portfolio not in copy-config.json — not copying: archiduc / Moon mission,
2026-08-17T14:17:45.593Z,shutdown,,,,,,,,,"closed managed copies, remaining open=0",
2026-08-17T14:41:55.452Z,alert,,,,,,,,,Fetcher snapshot is over 60s old and no fetcher lock — is fetch-live-opens --watch running?,
2026-08-17T15:09:28.008Z,shutdown,,,,,,,,,"closed managed copies, remaining open=0",
2026-08-17T15:21:23.153Z,open,archiduc,Scalp Company,BTC,short,f7a9e8c8-4e2e-45ef-99ec-b64f6352204f,1,27,0.00016,,oid=57969299400 notional=$10.18 pct=$9.99 fallbackMin=$10
2026-08-17T15:39:44.576Z,open,crypto_rocket,Main,BTC,short,0129859f-b335-41c0-96dc-a8e3df8dc2ca,2,32,0.00031,,oid=57969882295 notional=$19.68 pct=$19.97
2026-08-17T17:07:32.760Z,open,archiduc,Scalp Company,ETH,short,826f57ef-861a-41c9-9607-7c35ed17db31,0.9999957632411267,19,0.0053,,oid=57972738043 notional=$10.11 pct=$9.99 fallbackMin=$10
2026-08-17T18:15:53.645Z,alert,,,,,,,,,"copy tick failed: Unexpected token '<', ""<html>
<h""... is not valid JSON",
2026-08-17T18:15:53.854Z,alert,,,,,,,,,"copy tick failed: Unexpected token '<', ""<html>
<h""... is not valid JSON",
2026-08-17T18:15:54.039Z,alert,,,,,,,,,"copy tick failed: Unexpected token '<', ""<html>
<h""... is not valid JSON",
2026-08-17T18:15:55.001Z,alert,,,,,,,,,"copy tick failed: Unexpected token '<', ""<html>
<h""... is not valid JSON",
2026-08-17T18:15:56.132Z,alert,,,,,,,,,"copy tick failed: Unexpected token '<', ""<html>
<h""... is not valid JSON",
2026-08-17T18:15:57.019Z,alert,,,,,,,,,"copy tick failed: Unexpected token '<', ""<html>
<h""... is not valid JSON",
2026-08-17T18:15:58.026Z,alert,,,,,,,,,"copy tick failed: Unexpected token '<', ""<html>
<h""... is not valid JSON",
2026-08-17T18:15:59.153Z,alert,,,,,,,,,"copy tick failed: Unexpected token '<', ""<html>
<h""... is not valid JSON",
2026-08-17T18:16:00.044Z,alert,,,,,,,,,"copy tick failed: Unexpected token '<', ""<html>
<h""... is not valid JSON",
2026-08-17T18:16:01.048Z,alert,,,,,,,,,"copy tick failed: Unexpected token '<', ""<html>
<h""... is not valid JSON",
2026-08-17T18:16:02.056Z,alert,,,,,,,,,"copy tick failed: Unexpected token '<', ""<html>
<h""... is not valid JSON",
2026-08-17T18:16:03.206Z,alert,,,,,,,,,"copy tick failed: Unexpected token '<', ""<html>
<h""... is not valid JSON",
2026-08-17T18:16:04.106Z,alert,,,,,,,,,"copy tick failed: Unexpected token '<', ""<html>
<h""... is not valid JSON",
2026-08-17T18:16:05.227Z,alert,,,,,,,,,"copy tick failed: Unexpected token '<', ""<html>
<h""... is not valid JSON",
2026-08-17T18:16:06.240Z,alert,,,,,,,,,"copy tick failed: Unexpected token '<', ""<html>
<h""... is not valid JSON",
2026-08-17T18:16:07.095Z,alert,,,,,,,,,"copy tick failed: Unexpected token '<', ""<html>
<h""... is not valid JSON",
2026-08-17T18:16:08.093Z,alert,,,,,,,,,"copy tick failed: Unexpected token '<', ""<html>
<h""... is not valid JSON",
2026-08-17T18:16:09.106Z,alert,,,,,,,,,"copy tick failed: Unexpected token '<', ""<html>
<h""... is not valid JSON",
2026-08-17T18:16:10.250Z,alert,,,,,,,,,"copy tick failed: Unexpected token '<', ""<html>
<h""... is not valid JSON",
2026-08-17T18:16:11.124Z,alert,,,,,,,,,"copy tick failed: Unexpected token '<', ""<html>
<h""... is not valid JSON",
2026-08-17T18:16:11.723Z,alert,,,,,,,,,"copy tick failed: Unexpected token '<', ""<html>
<h""... is not valid JSON",
2026-08-17T18:16:11.931Z,alert,,,,,,,,,"copy tick failed: Unexpected token '<', ""<html>
<h""... is not valid JSON",
2026-08-17T18:16:12.137Z,alert,,,,,,,,,"copy tick failed: Unexpected token '<', ""<html>
<h""... is not valid JSON",
2026-08-17T18:16:13.155Z,alert,,,,,,,,,"copy tick failed: Unexpected token '<', ""<html>
<h""... is not valid JSON",
2026-08-17T18:16:14.160Z,alert,,,,,,,,,"copy tick failed: Unexpected token '<', ""<html>
<h""... is not valid JSON",
2026-08-17T18:16:15.309Z,alert,,,,,,,,,"copy tick failed: Unexpected token '<', ""<html>
<h""... is not valid JSON",
2026-08-17T18:16:16.322Z,alert,,,,,,,,,"copy tick failed: Unexpected token '<', ""<html>
<h""... is not valid JSON",
2026-08-17T18:16:17.220Z,alert,,,,,,,,,"copy tick failed: Unexpected token '<', ""<html>
<h""... is not valid JSON",
2026-08-17T18:16:18.211Z,alert,,,,,,,,,"copy tick failed: Unexpected token '<', ""<html>
<h""... is not valid JSON",
2026-08-17T18:16:19.207Z,alert,,,,,,,,,"copy tick failed: Unexpected token '<', ""<html>
<h""... is not valid JSON",
2026-08-17T18:16:20.225Z,alert,,,,,,,,,"copy tick failed: Unexpected token '<', ""<html>
<h""... is not valid JSON",
2026-08-17T18:16:21.234Z,alert,,,,,,,,,"copy tick failed: Unexpected token '<', ""<html>
<h""... is not valid JSON",
2026-08-17T18:16:22.237Z,alert,,,,,,,,,"copy tick failed: Unexpected token '<', ""<html>
<h""... is not valid JSON",
2026-08-17T18:16:23.248Z,alert,,,,,,,,,"copy tick failed: Unexpected token '<', ""<html>
<h""... is not valid JSON",
2026-08-17T18:16:24.261Z,alert,,,,,,,,,"copy tick failed: Unexpected token '<', ""<html>
<h""... is not valid JSON",
2026-08-17T18:16:25.268Z,alert,,,,,,,,,"copy tick failed: Unexpected token '<', ""<html>
<h""... is not valid JSON",
2026-08-17T18:16:26.411Z,alert,,,,,,,,,"copy tick failed: Unexpected token '<', ""<html>
<h""... is not valid JSON",
2026-08-17T18:16:27.317Z,alert,,,,,,,,,"copy tick failed: Unexpected token '<', ""<html>
<h""... is not valid JSON",
2026-08-17T18:16:28.307Z,alert,,,,,,,,,"copy tick failed: Unexpected token '<', ""<html>
<h""... is not valid JSON",
2026-08-17T18:16:29.448Z,alert,,,,,,,,,"copy tick failed: Unexpected token '<', ""<html>
<h""... is not valid JSON",
2026-08-17T18:16:30.173Z,alert,,,,,,,,,"copy tick failed: Unexpected token '<', ""<html>
<h""... is not valid JSON",
2026-08-17T18:16:30.383Z,alert,,,,,,,,,"copy tick failed: Unexpected token '<', ""<html>
<h""... is not valid JSON",
2026-08-17T18:16:31.367Z,alert,,,,,,,,,"copy tick failed: Unexpected token '<', ""<html>
<h""... is not valid JSON",
2026-08-17T18:16:32.500Z,alert,,,,,,,,,"copy tick failed: Unexpected token '<', ""<html>
<h""... is not valid JSON",
2026-08-17T18:16:33.372Z,alert,,,,,,,,,"copy tick failed: Unexpected token '<', ""<html>
<h""... is not valid JSON",
2026-08-17T18:16:34.517Z,alert,,,,,,,,,"copy tick failed: Unexpected token '<', ""<html>
<h""... is not valid JSON",
2026-08-17T18:16:35.381Z,alert,,,,,,,,,"copy tick failed: Unexpected token '<', ""<html>
<h""... is not valid JSON",
2026-08-17T18:16:36.385Z,alert,,,,,,,,,"copy tick failed: Unexpected token '<', ""<html>
<h""... is not valid JSON",
2026-08-17T18:16:37.394Z,alert,,,,,,,,,"copy tick failed: Unexpected token '<', ""<html>
<h""... is not valid JSON",
2026-08-17T18:16:38.411Z,alert,,,,,,,,,"copy tick failed: Unexpected token '<', ""<html>
<h""... is not valid JSON",
2026-08-17T18:16:39.423Z,alert,,,,,,,,,"copy tick failed: Unexpected token '<', ""<html>
<h""... is not valid JSON",
2026-08-17T18:16:40.575Z,alert,,,,,,,,,"copy tick failed: Unexpected token '<', ""<html>
<h""... is not valid JSON",
2026-08-17T18:16:41.448Z,alert,,,,,,,,,"copy tick failed: Unexpected token '<', ""<html>
<h""... is not valid JSON",
2026-08-17T18:16:42.458Z,alert,,,,,,,,,"copy tick failed: Unexpected token '<', ""<html>
<h""... is not valid JSON",
2026-08-17T18:16:43.464Z,alert,,,,,,,,,"copy tick failed: Unexpected token '<', ""<html>
<h""... is not valid JSON",
2026-08-17T18:16:44.477Z,alert,,,,,,,,,"copy tick failed: Unexpected token '<', ""<html>
<h""... is not valid JSON",
2026-08-17T18:16:45.476Z,alert,,,,,,,,,"copy tick failed: Unexpected token '<', ""<html>
<h""... is not valid JSON",
2026-08-17T18:16:46.630Z,alert,,,,,,,,,"copy tick failed: Unexpected token '<', ""<html>
<h""... is not valid JSON",
2026-08-17T18:16:47.531Z,alert,,,,,,,,,"copy tick failed: Unexpected token '<', ""<html>
<h""... is not valid JSON",
2026-08-17T18:23:37.520Z,resize,crypto_rocket,Main,BTC,short,0129859f-b335-41c0-96dc-a8e3df8dc2ca,3.745100008473965,,0.00058,,delta=+0.00027
2026-08-17T18:34:43.991Z,open,crypto_rocket,Main,POL,short,b0aded44-1a32-47c3-9b61-1e971f13bd39,1.000210977708605,3,123,,oid=57975467664 notional=$10.04 pct=$9.98 fallbackMin=$10
2026-08-17T18:39:02.227Z,alert,,,,,,,,,SKIP crypto_rocket/Main CASHCAT short 76f9fd6c-200d-4f39-93e0-f000f24501b6: HL order failed: Order could not immediately match against any resting orders. asset=209,
2026-08-17T18:39:02.227Z,skip,crypto_rocket,Main,CASHCAT,short,76f9fd6c-200d-4f39-93e0-f000f24501b6,0.9996939780133207,3,,HL order failed: Order could not immediately match against any resting orders. asset=209,
2026-08-17T18:55:24.242Z,alert,,,,,,,,,SKIP crypto_rocket/Main NIL short 5f371c9a-262b-453e-b9f1-bad1918e8612: HL order failed: Order must have minimum value of $10. asset=164,
2026-08-17T18:55:24.242Z,skip,crypto_rocket,Main,NIL,short,5f371c9a-262b-453e-b9f1-bad1918e8612,0.9999485013900529,3,,HL order failed: Order must have minimum value of $10. asset=164,
2026-08-17T18:57:39.722Z,resize,archiduc,Scalp Company,BTC,short,f7a9e8c8-4e2e-45ef-99ec-b64f6352204f,2.0045354134682905,,0.00032,,delta=+0.00016
2026-08-17T19:02:28.678Z,alert,,,,,,,,,SKIP crypto_rocket/Main NIL short 5f9d71de-19ef-40a8-b68e-e41a26175629: HL order failed: Order must have minimum value of $10. asset=164,
2026-08-17T19:02:28.680Z,skip,crypto_rocket,Main,NIL,short,5f9d71de-19ef-40a8-b68e-e41a26175629,1.0000387747399186,3,,HL order failed: Order must have minimum value of $10. asset=164,
2026-08-17T19:02:31.342Z,resize,crypto_rocket,Main,BTC,short,0129859f-b335-41c0-96dc-a8e3df8dc2ca,1.1305791453337724,,0.00017999999999999998,,delta=-0.0004
2026-08-17T19:03:04.638Z,alert,,,,,,,,,Resize failed BTC 0129859f-b335-41c0-96dc-a8e3df8dc2ca: Order must have minimum value of $10. asset=3,
2026-08-17T19:03:25.107Z,alert,,,,,,,,,Resize failed BTC 0129859f-b335-41c0-96dc-a8e3df8dc2ca: Order must have minimum value of $10. asset=3,
2026-08-17T19:03:45.507Z,alert,,,,,,,,,Resize failed BTC 0129859f-b335-41c0-96dc-a8e3df8dc2ca: Order must have minimum value of $10. asset=3,
2026-08-17T19:04:05.674Z,alert,,,,,,,,,Resize failed BTC 0129859f-b335-41c0-96dc-a8e3df8dc2ca: Order must have minimum value of $10. asset=3,
2026-08-17T19:04:25.782Z,alert,,,,,,,,,Resize failed BTC 0129859f-b335-41c0-96dc-a8e3df8dc2ca: Order must have minimum value of $10. asset=3,
2026-08-17T19:04:46.045Z,alert,,,,,,,,,Resize failed BTC 0129859f-b335-41c0-96dc-a8e3df8dc2ca: Order must have minimum value of $10. asset=3,
2026-08-17T19:05:06.163Z,alert,,,,,,,,,Resize failed BTC 0129859f-b335-41c0-96dc-a8e3df8dc2ca: Order must have minimum value of $10. asset=3,
2026-08-17T19:05:09.642Z,open,crypto_rocket,Main,NIL,short,defec724-2f86-49c4-9e17-7bf093882784,2.0001866530588193,3,389,,oid=57976363538 notional=$19.87 pct=$19.89
2026-08-17T19:05:29.487Z,alert,,,,,,,,,Resize failed BTC 0129859f-b335-41c0-96dc-a8e3df8dc2ca: Order must have minimum value of $10. asset=3,
2026-08-17T19:05:49.532Z,alert,,,,,,,,,Resize failed BTC 0129859f-b335-41c0-96dc-a8e3df8dc2ca: Order must have minimum value of $10. asset=3,
2026-08-17T19:05:51.298Z,close,crypto_rocket,Main,NIL,short,defec724-2f86-49c4-9e17-7bf093882784,,,,Invo position gone (close or liquidation),
2026-08-17T19:06:11.261Z,alert,,,,,,,,,Resize failed BTC 0129859f-b335-41c0-96dc-a8e3df8dc2ca: Order must have minimum value of $10. asset=3,
2026-08-17T19:06:31.460Z,alert,,,,,,,,,Resize failed BTC 0129859f-b335-41c0-96dc-a8e3df8dc2ca: Order must have minimum value of $10. asset=3,
2026-08-17T19:06:51.307Z,alert,,,,,,,,,Resize failed BTC 0129859f-b335-41c0-96dc-a8e3df8dc2ca: Order must have minimum value of $10. asset=3,
2026-08-17T19:07:11.758Z,alert,,,,,,,,,Resize failed BTC 0129859f-b335-41c0-96dc-a8e3df8dc2ca: Order must have minimum value of $10. asset=3,
2026-08-17T19:07:31.404Z,alert,,,,,,,,,Resize failed BTC 0129859f-b335-41c0-96dc-a8e3df8dc2ca: Order must have minimum value of $10. asset=3,
2026-08-17T19:07:51.378Z,alert,,,,,,,,,Resize failed BTC 0129859f-b335-41c0-96dc-a8e3df8dc2ca: Order must have minimum value of $10. asset=3,
2026-08-17T19:08:11.668Z,alert,,,,,,,,,Resize failed BTC 0129859f-b335-41c0-96dc-a8e3df8dc2ca: Order must have minimum value of $10. asset=3,
2026-08-17T19:08:31.781Z,alert,,,,,,,,,Resize failed BTC 0129859f-b335-41c0-96dc-a8e3df8dc2ca: Order must have minimum value of $10. asset=3,
2026-08-17T19:08:52.354Z,alert,,,,,,,,,Resize failed BTC 0129859f-b335-41c0-96dc-a8e3df8dc2ca: Order must have minimum value of $10. asset=3,
2026-08-17T19:09:12.402Z,alert,,,,,,,,,Resize failed BTC 0129859f-b335-41c0-96dc-a8e3df8dc2ca: Order must have minimum value of $10. asset=3,
2026-08-17T19:09:32.571Z,alert,,,,,,,,,Resize failed BTC 0129859f-b335-41c0-96dc-a8e3df8dc2ca: Order must have minimum value of $10. asset=3,
2026-08-17T19:09:53.128Z,alert,,,,,,,,,Resize failed BTC 0129859f-b335-41c0-96dc-a8e3df8dc2ca: Order must have minimum value of $10. asset=3,
2026-08-17T19:10:12.944Z,alert,,,,,,,,,Resize failed BTC 0129859f-b335-41c0-96dc-a8e3df8dc2ca: Order must have minimum value of $10. asset=3,
2026-08-17T19:10:33.448Z,alert,,,,,,,,,Resize failed BTC 0129859f-b335-41c0-96dc-a8e3df8dc2ca: Order must have minimum value of $10. asset=3,
2026-08-17T19:10:53.622Z,alert,,,,,,,,,Resize failed BTC 0129859f-b335-41c0-96dc-a8e3df8dc2ca: Order must have minimum value of $10. asset=3,
2026-08-17T19:11:13.935Z,alert,,,,,,,,,Resize failed BTC 0129859f-b335-41c0-96dc-a8e3df8dc2ca: Order must have minimum value of $10. asset=3,
2026-08-17T19:11:34.616Z,alert,,,,,,,,,Resize failed BTC 0129859f-b335-41c0-96dc-a8e3df8dc2ca: Order must have minimum value of $10. asset=3,
2026-08-17T19:11:54.706Z,alert,,,,,,,,,Resize failed BTC 0129859f-b335-41c0-96dc-a8e3df8dc2ca: Order must have minimum value of $10. asset=3,
2026-08-17T19:12:15.093Z,alert,,,,,,,,,Resize failed BTC 0129859f-b335-41c0-96dc-a8e3df8dc2ca: Order must have minimum value of $10. asset=3,
2026-08-17T19:12:35.877Z,alert,,,,,,,,,Resize failed BTC 0129859f-b335-41c0-96dc-a8e3df8dc2ca: Order must have minimum value of $10. asset=3,
2026-08-17T19:12:55.932Z,alert,,,,,,,,,Resize failed BTC 0129859f-b335-41c0-96dc-a8e3df8dc2ca: Order must have minimum value of $10. asset=3,
2026-08-17T19:13:16.440Z,alert,,,,,,,,,Resize failed BTC 0129859f-b335-41c0-96dc-a8e3df8dc2ca: Order must have minimum value of $10. asset=3,
2026-08-17T19:13:36.861Z,alert,,,,,,,,,Resize failed BTC 0129859f-b335-41c0-96dc-a8e3df8dc2ca: Order must have minimum value of $10. asset=3,
2026-08-17T19:13:57.439Z,alert,,,,,,,,,Resize failed BTC 0129859f-b335-41c0-96dc-a8e3df8dc2ca: Order must have minimum value of $10. asset=3,
2026-08-17T19:14:17.833Z,alert,,,,,,,,,Resize failed BTC 0129859f-b335-41c0-96dc-a8e3df8dc2ca: Order must have minimum value of $10. asset=3,
2026-08-17T19:14:37.885Z,alert,,,,,,,,,Resize failed BTC 0129859f-b335-41c0-96dc-a8e3df8dc2ca: Order must have minimum value of $10. asset=3,
2026-08-17T19:14:58.023Z,alert,,,,,,,,,Resize failed BTC 0129859f-b335-41c0-96dc-a8e3df8dc2ca: Order must have minimum value of $10. asset=3,
2026-08-17T19:15:18.610Z,alert,,,,,,,,,Resize failed BTC 0129859f-b335-41c0-96dc-a8e3df8dc2ca: Order must have minimum value of $10. asset=3,
2026-08-17T19:15:38.724Z,alert,,,,,,,,,Resize failed BTC 0129859f-b335-41c0-96dc-a8e3df8dc2ca: Order must have minimum value of $10. asset=3,
2026-08-17T19:15:58.960Z,alert,,,,,,,,,Resize failed BTC 0129859f-b335-41c0-96dc-a8e3df8dc2ca: Order must have minimum value of $10. asset=3,
2026-08-17T19:16:21.782Z,alert,,,,,,,,,Resize failed BTC 0129859f-b335-41c0-96dc-a8e3df8dc2ca: Order must have minimum value of $10. asset=3,
2026-08-17T19:16:42.052Z,alert,,,,,,,,,Resize failed BTC 0129859f-b335-41c0-96dc-a8e3df8dc2ca: Order must have minimum value of $10. asset=3,
2026-08-17T19:17:02.439Z,alert,,,,,,,,,Resize failed BTC 0129859f-b335-41c0-96dc-a8e3df8dc2ca: Order must have minimum value of $10. asset=3,
2026-08-17T19:17:22.871Z,alert,,,,,,,,,Resize failed BTC 0129859f-b335-41c0-96dc-a8e3df8dc2ca: Order must have minimum value of $10. asset=3,
2026-08-17T19:17:43.024Z,alert,,,,,,,,,Resize failed BTC 0129859f-b335-41c0-96dc-a8e3df8dc2ca: Order must have minimum value of $10. asset=3,
2026-08-17T19:18:03.418Z,alert,,,,,,,,,Resize failed BTC 0129859f-b335-41c0-96dc-a8e3df8dc2ca: Order must have minimum value of $10. asset=3,
2026-08-17T19:18:23.998Z,alert,,,,,,,,,Resize failed BTC 0129859f-b335-41c0-96dc-a8e3df8dc2ca: Order must have minimum value of $10. asset=3,
2026-08-17T19:18:43.808Z,alert,,,,,,,,,Resize failed BTC 0129859f-b335-41c0-96dc-a8e3df8dc2ca: Order must have minimum value of $10. asset=3,
2026-08-17T19:19:03.824Z,alert,,,,,,,,,Resize failed BTC 0129859f-b335-41c0-96dc-a8e3df8dc2ca: Order must have minimum value of $10. asset=3,
2026-08-17T19:19:23.579Z,alert,,,,,,,,,Resize failed BTC 0129859f-b335-41c0-96dc-a8e3df8dc2ca: Order must have minimum value of $10. asset=3,
2026-08-17T19:19:43.801Z,alert,,,,,,,,,Resize failed BTC 0129859f-b335-41c0-96dc-a8e3df8dc2ca: Order must have minimum value of $10. asset=3,
2026-08-17T19:20:03.520Z,alert,,,,,,,,,Resize failed BTC 0129859f-b335-41c0-96dc-a8e3df8dc2ca: Order must have minimum value of $10. asset=3,
2026-08-17T19:20:23.341Z,alert,,,,,,,,,Resize failed BTC 0129859f-b335-41c0-96dc-a8e3df8dc2ca: Order must have minimum value of $10. asset=3,
2026-08-17T19:20:43.601Z,alert,,,,,,,,,Resize failed BTC 0129859f-b335-41c0-96dc-a8e3df8dc2ca: Order must have minimum value of $10. asset=3,
2026-08-17T19:21:03.757Z,alert,,,,,,,,,Resize failed BTC 0129859f-b335-41c0-96dc-a8e3df8dc2ca: Order must have minimum value of $10. asset=3,
2026-08-17T19:21:23.698Z,alert,,,,,,,,,Resize failed BTC 0129859f-b335-41c0-96dc-a8e3df8dc2ca: Order must have minimum value of $10. asset=3,
2026-08-17T19:21:43.780Z,alert,,,,,,,,,Resize failed BTC 0129859f-b335-41c0-96dc-a8e3df8dc2ca: Order must have minimum value of $10. asset=3,
2026-08-17T19:22:03.798Z,alert,,,,,,,,,Resize failed BTC 0129859f-b335-41c0-96dc-a8e3df8dc2ca: Order must have minimum value of $10. asset=3,
2026-08-17T19:22:23.860Z,alert,,,,,,,,,Resize failed BTC 0129859f-b335-41c0-96dc-a8e3df8dc2ca: Order must have minimum value of $10. asset=3,
2026-08-17T19:22:43.569Z,alert,,,,,,,,,Resize failed BTC 0129859f-b335-41c0-96dc-a8e3df8dc2ca: Order must have minimum value of $10. asset=3,
2026-08-17T19:23:03.684Z,alert,,,,,,,,,Resize failed BTC 0129859f-b335-41c0-96dc-a8e3df8dc2ca: Order must have minimum value of $10. asset=3,
2026-08-17T19:23:23.575Z,alert,,,,,,,,,Resize failed BTC 0129859f-b335-41c0-96dc-a8e3df8dc2ca: Order must have minimum value of $10. asset=3,
2026-08-17T19:23:44.054Z,alert,,,,,,,,,Resize failed BTC 0129859f-b335-41c0-96dc-a8e3df8dc2ca: Order must have minimum value of $10. asset=3,
2026-08-17T19:24:04.576Z,alert,,,,,,,,,Resize failed BTC 0129859f-b335-41c0-96dc-a8e3df8dc2ca: Order must have minimum value of $10. asset=3,
2026-08-17T19:24:24.895Z,alert,,,,,,,,,Resize failed BTC 0129859f-b335-41c0-96dc-a8e3df8dc2ca: Order must have minimum value of $10. asset=3,
2026-08-17T19:24:44.959Z,alert,,,,,,,,,Resize failed BTC 0129859f-b335-41c0-96dc-a8e3df8dc2ca: Order must have minimum value of $10. asset=3,
2026-08-17T19:25:04.691Z,alert,,,,,,,,,Resize failed BTC 0129859f-b335-41c0-96dc-a8e3df8dc2ca: Order must have minimum value of $10. asset=3,
2026-08-17T19:25:24.539Z,alert,,,,,,,,,Resize failed BTC 0129859f-b335-41c0-96dc-a8e3df8dc2ca: Order must have minimum value of $10. asset=3,
2026-08-17T19:25:44.817Z,alert,,,,,,,,,Resize failed BTC 0129859f-b335-41c0-96dc-a8e3df8dc2ca: Order must have minimum value of $10. asset=3,
2026-08-17T19:26:04.671Z,alert,,,,,,,,,Resize failed BTC 0129859f-b335-41c0-96dc-a8e3df8dc2ca: Order must have minimum value of $10. asset=3,
2026-08-17T19:26:24.917Z,alert,,,,,,,,,Resize failed BTC 0129859f-b335-41c0-96dc-a8e3df8dc2ca: Order must have minimum value of $10. asset=3,
2026-08-17T19:26:45.365Z,alert,,,,,,,,,Resize failed BTC 0129859f-b335-41c0-96dc-a8e3df8dc2ca: Order must have minimum value of $10. asset=3,
2026-08-17T19:27:05.546Z,alert,,,,,,,,,Resize failed BTC 0129859f-b335-41c0-96dc-a8e3df8dc2ca: Order must have minimum value of $10. asset=3,
2026-08-17T19:27:25.679Z,alert,,,,,,,,,Resize failed BTC 0129859f-b335-41c0-96dc-a8e3df8dc2ca: Order must have minimum value of $10. asset=3,
2026-08-17T19:27:45.506Z,alert,,,,,,,,,Resize failed BTC 0129859f-b335-41c0-96dc-a8e3df8dc2ca: Order must have minimum value of $10. asset=3,
2026-08-17T19:28:05.699Z,alert,,,,,,,,,Resize failed BTC 0129859f-b335-41c0-96dc-a8e3df8dc2ca: Order must have minimum value of $10. asset=3,
2026-08-17T19:28:25.919Z,alert,,,,,,,,,Resize failed BTC 0129859f-b335-41c0-96dc-a8e3df8dc2ca: Order must have minimum value of $10. asset=3,
2026-08-17T19:28:45.877Z,alert,,,,,,,,,Resize failed BTC 0129859f-b335-41c0-96dc-a8e3df8dc2ca: Order must have minimum value of $10. asset=3,
2026-08-17T19:29:05.767Z,alert,,,,,,,,,Resize failed BTC 0129859f-b335-41c0-96dc-a8e3df8dc2ca: Order must have minimum value of $10. asset=3,
2026-08-17T19:29:26.156Z,alert,,,,,,,,,Resize failed BTC 0129859f-b335-41c0-96dc-a8e3df8dc2ca: Order must have minimum value of $10. asset=3,
2026-08-17T19:29:46.337Z,alert,,,,,,,,,Resize failed BTC 0129859f-b335-41c0-96dc-a8e3df8dc2ca: Order must have minimum value of $10. asset=3,
2026-08-17T19:30:06.334Z,alert,,,,,,,,,Resize failed BTC 0129859f-b335-41c0-96dc-a8e3df8dc2ca: Order must have minimum value of $10. asset=3,
2026-08-17T19:30:26.436Z,alert,,,,,,,,,Resize failed BTC 0129859f-b335-41c0-96dc-a8e3df8dc2ca: Order must have minimum value of $10. asset=3,
2026-08-17T19:30:46.697Z,alert,,,,,,,,,Resize failed BTC 0129859f-b335-41c0-96dc-a8e3df8dc2ca: Order must have minimum value of $10. asset=3,
2026-08-17T19:31:07.424Z,alert,,,,,,,,,Resize failed BTC 0129859f-b335-41c0-96dc-a8e3df8dc2ca: Order must have minimum value of $10. asset=3,
2026-08-17T19:31:27.663Z,alert,,,,,,,,,Resize failed BTC 0129859f-b335-41c0-96dc-a8e3df8dc2ca: Order must have minimum value of $10. asset=3,
2026-08-17T19:31:48.381Z,alert,,,,,,,,,Resize failed BTC 0129859f-b335-41c0-96dc-a8e3df8dc2ca: Order must have minimum value of $10. asset=3,
2026-08-17T19:32:08.726Z,alert,,,,,,,,,Resize failed BTC 0129859f-b335-41c0-96dc-a8e3df8dc2ca: Order must have minimum value of $10. asset=3,
2026-08-17T19:32:29.262Z,alert,,,,,,,,,Resize failed BTC 0129859f-b335-41c0-96dc-a8e3df8dc2ca: Order must have minimum value of $10. asset=3,
2026-08-17T19:32:49.753Z,alert,,,,,,,,,Resize failed BTC 0129859f-b335-41c0-96dc-a8e3df8dc2ca: Order must have minimum value of $10. asset=3,
2026-08-17T19:32:52.013Z,close,crypto_rocket,Main,POL,short,b0aded44-1a32-47c3-9b61-1e971f13bd39,,,,Invo position gone (close or liquidation),
2026-08-17T19:33:12.121Z,alert,,,,,,,,,Resize failed BTC 0129859f-b335-41c0-96dc-a8e3df8dc2ca: Order must have minimum value of $10. asset=3,
2026-08-17T19:33:32.187Z,alert,,,,,,,,,Resize failed BTC 0129859f-b335-41c0-96dc-a8e3df8dc2ca: Order must have minimum value of $10. asset=3,
2026-08-17T19:33:52.264Z,alert,,,,,,,,,Resize failed BTC 0129859f-b335-41c0-96dc-a8e3df8dc2ca: Order must have minimum value of $10. asset=3,
2026-08-17T19:34:12.530Z,alert,,,,,,,,,Resize failed BTC 0129859f-b335-41c0-96dc-a8e3df8dc2ca: Order must have minimum value of $10. asset=3,
2026-08-17T19:34:32.664Z,alert,,,,,,,,,Resize failed BTC 0129859f-b335-41c0-96dc-a8e3df8dc2ca: Order must have minimum value of $10. asset=3,
2026-08-17T19:34:53.045Z,alert,,,,,,,,,Resize failed BTC 0129859f-b335-41c0-96dc-a8e3df8dc2ca: Order must have minimum value of $10. asset=3,
2026-08-17T19:35:13.567Z,alert,,,,,,,,,Resize failed BTC 0129859f-b335-41c0-96dc-a8e3df8dc2ca: Order must have minimum value of $10. asset=3,
2026-08-17T19:35:33.912Z,alert,,,,,,,,,Resize failed BTC 0129859f-b335-41c0-96dc-a8e3df8dc2ca: Order must have minimum value of $10. asset=3,
2026-08-17T19:35:54.080Z,alert,,,,,,,,,Resize failed BTC 0129859f-b335-41c0-96dc-a8e3df8dc2ca: Order must have minimum value of $10. asset=3,
2026-08-17T19:36:14.128Z,alert,,,,,,,,,Resize failed BTC 0129859f-b335-41c0-96dc-a8e3df8dc2ca: Order must have minimum value of $10. asset=3,
2026-08-17T19:36:34.322Z,alert,,,,,,,,,Resize failed BTC 0129859f-b335-41c0-96dc-a8e3df8dc2ca: Order must have minimum value of $10. asset=3,
2026-08-17T19:36:54.779Z,alert,,,,,,,,,Resize failed BTC 0129859f-b335-41c0-96dc-a8e3df8dc2ca: Order must have minimum value of $10. asset=3,
2026-08-17T19:37:14.990Z,alert,,,,,,,,,Resize failed BTC 0129859f-b335-41c0-96dc-a8e3df8dc2ca: Order must have minimum value of $10. asset=3,
2026-08-17T19:37:35.188Z,alert,,,,,,,,,Resize failed BTC 0129859f-b335-41c0-96dc-a8e3df8dc2ca: Order must have minimum value of $10. asset=3,
2026-08-17T19:37:55.781Z,alert,,,,,,,,,Resize failed BTC 0129859f-b335-41c0-96dc-a8e3df8dc2ca: Order must have minimum value of $10. asset=3,
2026-08-17T19:38:16.027Z,alert,,,,,,,,,Resize failed BTC 0129859f-b335-41c0-96dc-a8e3df8dc2ca: Order must have minimum value of $10. asset=3,
2026-08-17T19:38:36.252Z,alert,,,,,,,,,Resize failed BTC 0129859f-b335-41c0-96dc-a8e3df8dc2ca: Order must have minimum value of $10. asset=3,
2026-08-17T19:38:56.358Z,alert,,,,,,,,,Resize failed BTC 0129859f-b335-41c0-96dc-a8e3df8dc2ca: Order must have minimum value of $10. asset=3,
2026-08-17T19:39:17.364Z,alert,,,,,,,,,Resize failed BTC 0129859f-b335-41c0-96dc-a8e3df8dc2ca: Order must have minimum value of $10. asset=3,
2026-08-17T19:39:37.700Z,alert,,,,,,,,,Resize failed BTC 0129859f-b335-41c0-96dc-a8e3df8dc2ca: Order must have minimum value of $10. asset=3,
2026-08-17T19:39:57.876Z,alert,,,,,,,,,Resize failed BTC 0129859f-b335-41c0-96dc-a8e3df8dc2ca: Order must have minimum value of $10. asset=3,
2026-08-17T19:40:18.870Z,alert,,,,,,,,,Resize failed BTC 0129859f-b335-41c0-96dc-a8e3df8dc2ca: Order must have minimum value of $10. asset=3,
2026-08-17T19:40:38.658Z,alert,,,,,,,,,Resize failed BTC 0129859f-b335-41c0-96dc-a8e3df8dc2ca: Order must have minimum value of $10. asset=3,
2026-08-17T19:40:58.657Z,alert,,,,,,,,,Resize failed BTC 0129859f-b335-41c0-96dc-a8e3df8dc2ca: Order must have minimum value of $10. asset=3,
2026-08-17T19:41:18.925Z,alert,,,,,,,,,Resize failed BTC 0129859f-b335-41c0-96dc-a8e3df8dc2ca: Order must have minimum value of $10. asset=3,
2026-08-17T19:41:39.301Z,alert,,,,,,,,,Resize failed BTC 0129859f-b335-41c0-96dc-a8e3df8dc2ca: Order must have minimum value of $10. asset=3,
2026-08-17T19:41:59.890Z,alert,,,,,,,,,Resize failed BTC 0129859f-b335-41c0-96dc-a8e3df8dc2ca: Order must have minimum value of $10. asset=3,
2026-08-17T19:42:20.593Z,alert,,,,,,,,,Resize failed BTC 0129859f-b335-41c0-96dc-a8e3df8dc2ca: Order must have minimum value of $10. asset=3,
2026-08-17T19:42:40.800Z,alert,,,,,,,,,Resize failed BTC 0129859f-b335-41c0-96dc-a8e3df8dc2ca: Order must have minimum value of $10. asset=3,
2026-08-17T19:43:00.970Z,alert,,,,,,,,,Resize failed BTC 0129859f-b335-41c0-96dc-a8e3df8dc2ca: Order must have minimum value of $10. asset=3,
2026-08-17T19:43:21.325Z,alert,,,,,,,,,Resize failed BTC 0129859f-b335-41c0-96dc-a8e3df8dc2ca: Order must have minimum value of $10. asset=3,
2026-08-17T19:43:41.726Z,alert,,,,,,,,,Resize failed BTC 0129859f-b335-41c0-96dc-a8e3df8dc2ca: Order must have minimum value of $10. asset=3,
2026-08-17T19:44:01.650Z,alert,,,,,,,,,Resize failed BTC 0129859f-b335-41c0-96dc-a8e3df8dc2ca: Order must have minimum value of $10. asset=3,
2026-08-17T19:44:22.477Z,alert,,,,,,,,,Resize failed BTC 0129859f-b335-41c0-96dc-a8e3df8dc2ca: Order must have minimum value of $10. asset=3,
2026-08-17T19:44:42.489Z,alert,,,,,,,,,Resize failed BTC 0129859f-b335-41c0-96dc-a8e3df8dc2ca: Order must have minimum value of $10. asset=3,
2026-08-17T19:45:02.841Z,alert,,,,,,,,,Resize failed BTC 0129859f-b335-41c0-96dc-a8e3df8dc2ca: Order must have minimum value of $10. asset=3,
2026-08-17T19:45:22.975Z,alert,,,,,,,,,Resize failed BTC 0129859f-b335-41c0-96dc-a8e3df8dc2ca: Order must have minimum value of $10. asset=3,
2026-08-17T19:45:43.040Z,alert,,,,,,,,,Resize failed BTC 0129859f-b335-41c0-96dc-a8e3df8dc2ca: Order must have minimum value of $10. asset=3,
2026-08-17T19:46:02.899Z,alert,,,,,,,,,Resize failed BTC 0129859f-b335-41c0-96dc-a8e3df8dc2ca: Order must have minimum value of $10. asset=3,
2026-08-17T19:46:23.329Z,alert,,,,,,,,,Resize failed BTC 0129859f-b335-41c0-96dc-a8e3df8dc2ca: Order must have minimum value of $10. asset=3,
2026-08-17T19:46:43.060Z,alert,,,,,,,,,Resize failed BTC 0129859f-b335-41c0-96dc-a8e3df8dc2ca: Order must have minimum value of $10. asset=3,
2026-08-17T19:47:03.101Z,alert,,,,,,,,,Resize failed BTC 0129859f-b335-41c0-96dc-a8e3df8dc2ca: Order must have minimum value of $10. asset=3,
2026-08-17T19:47:23.031Z,alert,,,,,,,,,Resize failed BTC 0129859f-b335-41c0-96dc-a8e3df8dc2ca: Order must have minimum value of $10. asset=3,
2026-08-17T19:47:43.415Z,alert,,,,,,,,,Resize failed BTC 0129859f-b335-41c0-96dc-a8e3df8dc2ca: Order must have minimum value of $10. asset=3,
2026-08-17T19:48:03.133Z,alert,,,,,,,,,Resize failed BTC 0129859f-b335-41c0-96dc-a8e3df8dc2ca: Order must have minimum value of $10. asset=3,
2026-08-17T19:48:23.150Z,alert,,,,,,,,,Resize failed BTC 0129859f-b335-41c0-96dc-a8e3df8dc2ca: Order must have minimum value of $10. asset=3,
2026-08-17T19:48:43.274Z,alert,,,,,,,,,Resize failed BTC 0129859f-b335-41c0-96dc-a8e3df8dc2ca: Order must have minimum value of $10. asset=3,
2026-08-17T19:49:03.329Z,alert,,,,,,,,,Resize failed BTC 0129859f-b335-41c0-96dc-a8e3df8dc2ca: Order must have minimum value of $10. asset=3,
2026-08-17T19:49:23.785Z,alert,,,,,,,,,Resize failed BTC 0129859f-b335-41c0-96dc-a8e3df8dc2ca: Order must have minimum value of $10. asset=3,
2026-08-17T19:49:43.381Z,alert,,,,,,,,,Resize failed BTC 0129859f-b335-41c0-96dc-a8e3df8dc2ca: Order must have minimum value of $10. asset=3,
2026-08-17T19:50:03.935Z,alert,,,,,,,,,Resize failed BTC 0129859f-b335-41c0-96dc-a8e3df8dc2ca: Order must have minimum value of $10. asset=3,
2026-08-17T19:50:23.885Z,alert,,,,,,,,,Resize failed BTC 0129859f-b335-41c0-96dc-a8e3df8dc2ca: Order must have minimum value of $10. asset=3,
2026-08-17T19:50:43.299Z,alert,,,,,,,,,Resize failed BTC 0129859f-b335-41c0-96dc-a8e3df8dc2ca: Order must have minimum value of $10. asset=3,
2026-08-17T19:51:03.264Z,alert,,,,,,,,,Resize failed BTC 0129859f-b335-41c0-96dc-a8e3df8dc2ca: Order must have minimum value of $10. asset=3,
2026-08-17T19:51:23.016Z,alert,,,,,,,,,Resize failed BTC 0129859f-b335-41c0-96dc-a8e3df8dc2ca: Order must have minimum value of $10. asset=3,
2026-08-17T19:51:42.684Z,alert,,,,,,,,,Resize failed BTC 0129859f-b335-41c0-96dc-a8e3df8dc2ca: Order must have minimum value of $10. asset=3,
2026-08-17T19:52:02.660Z,alert,,,,,,,,,Resize failed BTC 0129859f-b335-41c0-96dc-a8e3df8dc2ca: Order must have minimum value of $10. asset=3,
2026-08-17T19:52:22.768Z,alert,,,,,,,,,Resize failed BTC 0129859f-b335-41c0-96dc-a8e3df8dc2ca: Order must have minimum value of $10. asset=3,
2026-08-17T19:52:43.091Z,alert,,,,,,,,,Resize failed BTC 0129859f-b335-41c0-96dc-a8e3df8dc2ca: Order must have minimum value of $10. asset=3,
2026-08-17T19:53:03.460Z,alert,,,,,,,,,Resize failed BTC 0129859f-b335-41c0-96dc-a8e3df8dc2ca: Order must have minimum value of $10. asset=3,
2026-08-17T19:53:23.795Z,alert,,,,,,,,,Resize failed BTC 0129859f-b335-41c0-96dc-a8e3df8dc2ca: Order must have minimum value of $10. asset=3,
2026-08-17T19:53:43.888Z,alert,,,,,,,,,Resize failed BTC 0129859f-b335-41c0-96dc-a8e3df8dc2ca: Order must have minimum value of $10. asset=3,
2026-08-17T19:54:03.735Z,alert,,,,,,,,,Resize failed BTC 0129859f-b335-41c0-96dc-a8e3df8dc2ca: Order must have minimum value of $10. asset=3,
2026-08-17T19:54:23.691Z,alert,,,,,,,,,Resize failed BTC 0129859f-b335-41c0-96dc-a8e3df8dc2ca: Order must have minimum value of $10. asset=3,
2026-08-17T19:54:43.948Z,alert,,,,,,,,,Resize failed BTC 0129859f-b335-41c0-96dc-a8e3df8dc2ca: Order must have minimum value of $10. asset=3,
2026-08-17T19:55:04.070Z,alert,,,,,,,,,Resize failed BTC 0129859f-b335-41c0-96dc-a8e3df8dc2ca: Order must have minimum value of $10. asset=3,
2026-08-17T19:55:24.017Z,alert,,,,,,,,,Resize failed BTC 0129859f-b335-41c0-96dc-a8e3df8dc2ca: Order must have minimum value of $10. asset=3,
2026-08-17T19:55:44.007Z,alert,,,,,,,,,Resize failed BTC 0129859f-b335-41c0-96dc-a8e3df8dc2ca: Order must have minimum value of $10. asset=3,
2026-08-17T19:56:03.861Z,alert,,,,,,,,,Resize failed BTC 0129859f-b335-41c0-96dc-a8e3df8dc2ca: Order must have minimum value of $10. asset=3,
2026-08-17T19:56:23.941Z,alert,,,,,,,,,Resize failed BTC 0129859f-b335-41c0-96dc-a8e3df8dc2ca: Order must have minimum value of $10. asset=3,
2026-08-17T19:56:43.592Z,alert,,,,,,,,,Resize failed BTC 0129859f-b335-41c0-96dc-a8e3df8dc2ca: Order must have minimum value of $10. asset=3,
2026-08-17T19:57:03.464Z,alert,,,,,,,,,Resize failed BTC 0129859f-b335-41c0-96dc-a8e3df8dc2ca: Order must have minimum value of $10. asset=3,
2026-08-17T19:57:23.679Z,alert,,,,,,,,,Resize failed BTC 0129859f-b335-41c0-96dc-a8e3df8dc2ca: Order must have minimum value of $10. asset=3,
2026-08-17T19:57:43.507Z,alert,,,,,,,,,Resize failed BTC 0129859f-b335-41c0-96dc-a8e3df8dc2ca: Order must have minimum value of $10. asset=3,
2026-08-17T19:58:04.018Z,alert,,,,,,,,,Resize failed BTC 0129859f-b335-41c0-96dc-a8e3df8dc2ca: Order must have minimum value of $10. asset=3,
2026-08-17T19:58:23.802Z,alert,,,,,,,,,Resize failed BTC 0129859f-b335-41c0-96dc-a8e3df8dc2ca: Order must have minimum value of $10. asset=3,
2026-08-17T19:58:43.761Z,alert,,,,,,,,,Resize failed BTC 0129859f-b335-41c0-96dc-a8e3df8dc2ca: Order must have minimum value of $10. asset=3,
2026-08-17T19:59:04.067Z,alert,,,,,,,,,Resize failed BTC 0129859f-b335-41c0-96dc-a8e3df8dc2ca: Order must have minimum value of $10. asset=3,
2026-08-17T19:59:23.997Z,alert,,,,,,,,,Resize failed BTC 0129859f-b335-41c0-96dc-a8e3df8dc2ca: Order must have minimum value of $10. asset=3,
2026-08-17T19:59:43.899Z,alert,,,,,,,,,Resize failed BTC 0129859f-b335-41c0-96dc-a8e3df8dc2ca: Order must have minimum value of $10. asset=3,
2026-08-17T20:00:04.022Z,alert,,,,,,,,,Resize failed BTC 0129859f-b335-41c0-96dc-a8e3df8dc2ca: Order must have minimum value of $10. asset=3,
2026-08-17T20:00:23.728Z,alert,,,,,,,,,Resize failed BTC 0129859f-b335-41c0-96dc-a8e3df8dc2ca: Order must have minimum value of $10. asset=3,
2026-08-17T20:00:43.887Z,alert,,,,,,,,,Resize failed BTC 0129859f-b335-41c0-96dc-a8e3df8dc2ca: Order must have minimum value of $10. asset=3,
2026-08-17T20:01:03.886Z,alert,,,,,,,,,Resize failed BTC 0129859f-b335-41c0-96dc-a8e3df8dc2ca: Order must have minimum value of $10. asset=3,
2026-08-17T20:01:24.125Z,alert,,,,,,,,,Resize failed BTC 0129859f-b335-41c0-96dc-a8e3df8dc2ca: Order must have minimum value of $10. asset=3,
2026-08-17T20:01:43.729Z,alert,,,,,,,,,Resize failed BTC 0129859f-b335-41c0-96dc-a8e3df8dc2ca: Order must have minimum value of $10. asset=3,
2026-08-17T20:02:04.278Z,alert,,,,,,,,,Resize failed BTC 0129859f-b335-41c0-96dc-a8e3df8dc2ca: Order must have minimum value of $10. asset=3,
2026-08-17T20:02:23.974Z,alert,,,,,,,,,Resize failed BTC 0129859f-b335-41c0-96dc-a8e3df8dc2ca: Order must have minimum value of $10. asset=3,
2026-08-17T20:02:43.852Z,alert,,,,,,,,,Resize failed BTC 0129859f-b335-41c0-96dc-a8e3df8dc2ca: Order must have minimum value of $10. asset=3,
2026-08-17T20:03:03.328Z,alert,,,,,,,,,Resize failed BTC 0129859f-b335-41c0-96dc-a8e3df8dc2ca: Order must have minimum value of $10. asset=3,
2026-08-17T20:03:22.922Z,alert,,,,,,,,,Resize failed BTC 0129859f-b335-41c0-96dc-a8e3df8dc2ca: Order must have minimum value of $10. asset=3,
2026-08-17T20:03:43.037Z,alert,,,,,,,,,Resize failed BTC 0129859f-b335-41c0-96dc-a8e3df8dc2ca: Order must have minimum value of $10. asset=3,
2026-08-17T20:04:03.223Z,alert,,,,,,,,,Resize failed BTC 0129859f-b335-41c0-96dc-a8e3df8dc2ca: Order must have minimum value of $10. asset=3,
2026-08-17T20:04:23.458Z,alert,,,,,,,,,Resize failed BTC 0129859f-b335-41c0-96dc-a8e3df8dc2ca: Order must have minimum value of $10. asset=3,
2026-08-17T20:04:43.661Z,alert,,,,,,,,,Resize failed BTC 0129859f-b335-41c0-96dc-a8e3df8dc2ca: Order must have minimum value of $10. asset=3,
2026-08-17T20:05:03.469Z,alert,,,,,,,,,Resize failed BTC 0129859f-b335-41c0-96dc-a8e3df8dc2ca: Order must have minimum value of $10. asset=3,
2026-08-17T20:05:23.107Z,alert,,,,,,,,,Resize failed BTC 0129859f-b335-41c0-96dc-a8e3df8dc2ca: Order must have minimum value of $10. asset=3,
2026-08-17T20:05:43.872Z,alert,,,,,,,,,Resize failed BTC 0129859f-b335-41c0-96dc-a8e3df8dc2ca: Order must have minimum value of $10. asset=3,
2026-08-17T20:06:04.207Z,alert,,,,,,,,,Resize failed BTC 0129859f-b335-41c0-96dc-a8e3df8dc2ca: Order must have minimum value of $10. asset=3,
2026-08-17T20:06:24.296Z,alert,,,,,,,,,Resize failed BTC 0129859f-b335-41c0-96dc-a8e3df8dc2ca: Order must have minimum value of $10. asset=3,
2026-08-17T20:06:44.488Z,alert,,,,,,,,,Resize failed BTC 0129859f-b335-41c0-96dc-a8e3df8dc2ca: Order must have minimum value of $10. asset=3,
2026-08-17T20:07:04.808Z,alert,,,,,,,,,Resize failed BTC 0129859f-b335-41c0-96dc-a8e3df8dc2ca: Order must have minimum value of $10. asset=3,
2026-08-17T20:07:25.263Z,alert,,,,,,,,,Resize failed BTC 0129859f-b335-41c0-96dc-a8e3df8dc2ca: Order must have minimum value of $10. asset=3,
2026-08-17T20:07:45.412Z,alert,,,,,,,,,Resize failed BTC 0129859f-b335-41c0-96dc-a8e3df8dc2ca: Order must have minimum value of $10. asset=3,
2026-08-17T20:08:06.096Z,alert,,,,,,,,,Resize failed BTC 0129859f-b335-41c0-96dc-a8e3df8dc2ca: Order must have minimum value of $10. asset=3,
2026-08-17T20:08:26.488Z,alert,,,,,,,,,Resize failed BTC 0129859f-b335-41c0-96dc-a8e3df8dc2ca: Order must have minimum value of $10. asset=3,
2026-08-17T20:08:46.647Z,alert,,,,,,,,,Resize failed BTC 0129859f-b335-41c0-96dc-a8e3df8dc2ca: Order must have minimum value of $10. asset=3,
2026-08-17T20:09:07.030Z,alert,,,,,,,,,Resize failed BTC 0129859f-b335-41c0-96dc-a8e3df8dc2ca: Order must have minimum value of $10. asset=3,
2026-08-17T20:09:27.018Z,alert,,,,,,,,,Resize failed BTC 0129859f-b335-41c0-96dc-a8e3df8dc2ca: Order must have minimum value of $10. asset=3,
2026-08-17T20:09:47.299Z,alert,,,,,,,,,Resize failed BTC 0129859f-b335-41c0-96dc-a8e3df8dc2ca: Order must have minimum value of $10. asset=3,
2026-08-17T20:10:07.817Z,alert,,,,,,,,,Resize failed BTC 0129859f-b335-41c0-96dc-a8e3df8dc2ca: Order must have minimum value of $10. asset=3,
2026-08-17T20:10:27.757Z,alert,,,,,,,,,Resize failed BTC 0129859f-b335-41c0-96dc-a8e3df8dc2ca: Order must have minimum value of $10. asset=3,
2026-08-17T20:10:48.038Z,alert,,,,,,,,,Resize failed BTC 0129859f-b335-41c0-96dc-a8e3df8dc2ca: Order must have minimum value of $10. asset=3,
2026-08-17T20:11:07.739Z,alert,,,,,,,,,Resize failed BTC 0129859f-b335-41c0-96dc-a8e3df8dc2ca: Order must have minimum value of $10. asset=3,
2026-08-17T20:11:27.779Z,alert,,,,,,,,,Resize failed BTC 0129859f-b335-41c0-96dc-a8e3df8dc2ca: Order must have minimum value of $10. asset=3,
2026-08-17T20:11:47.766Z,alert,,,,,,,,,Resize failed BTC 0129859f-b335-41c0-96dc-a8e3df8dc2ca: Order must have minimum value of $10. asset=3,
2026-08-17T20:12:08.217Z,alert,,,,,,,,,Resize failed BTC 0129859f-b335-41c0-96dc-a8e3df8dc2ca: Order must have minimum value of $10. asset=3,
2026-08-17T20:12:28.269Z,alert,,,,,,,,,Resize failed BTC 0129859f-b335-41c0-96dc-a8e3df8dc2ca: Order must have minimum value of $10. asset=3,
2026-08-17T20:12:48.199Z,alert,,,,,,,,,Resize failed BTC 0129859f-b335-41c0-96dc-a8e3df8dc2ca: Order must have minimum value of $10. asset=3,
2026-08-17T20:13:09.020Z,alert,,,,,,,,,Resize failed BTC 0129859f-b335-41c0-96dc-a8e3df8dc2ca: Order must have minimum value of $10. asset=3,
2026-08-17T20:13:29.336Z,alert,,,,,,,,,Resize failed BTC 0129859f-b335-41c0-96dc-a8e3df8dc2ca: Order must have minimum value of $10. asset=3,
2026-08-17T20:13:49.929Z,alert,,,,,,,,,Resize failed BTC 0129859f-b335-41c0-96dc-a8e3df8dc2ca: Order must have minimum value of $10. asset=3,
2026-08-17T20:14:10.267Z,alert,,,,,,,,,Resize failed BTC 0129859f-b335-41c0-96dc-a8e3df8dc2ca: Order must have minimum value of $10. asset=3,
2026-08-17T20:14:30.858Z,alert,,,,,,,,,Resize failed BTC 0129859f-b335-41c0-96dc-a8e3df8dc2ca: Order must have minimum value of $10. asset=3,
2026-08-17T20:14:50.811Z,alert,,,,,,,,,Resize failed BTC 0129859f-b335-41c0-96dc-a8e3df8dc2ca: Order must have minimum value of $10. asset=3,
2026-08-17T20:15:10.938Z,alert,,,,,,,,,Resize failed BTC 0129859f-b335-41c0-96dc-a8e3df8dc2ca: Order must have minimum value of $10. asset=3,
2026-08-17T20:15:30.864Z,alert,,,,,,,,,Resize failed BTC 0129859f-b335-41c0-96dc-a8e3df8dc2ca: Order must have minimum value of $10. asset=3,
2026-08-17T20:15:50.989Z,alert,,,,,,,,,Resize failed BTC 0129859f-b335-41c0-96dc-a8e3df8dc2ca: Order must have minimum value of $10. asset=3,
2026-08-17T20:16:10.964Z,alert,,,,,,,,,Resize failed BTC 0129859f-b335-41c0-96dc-a8e3df8dc2ca: Order must have minimum value of $10. asset=3,
2026-08-17T20:16:31.100Z,alert,,,,,,,,,Resize failed BTC 0129859f-b335-41c0-96dc-a8e3df8dc2ca: Order must have minimum value of $10. asset=3,
2026-08-17T20:16:51.606Z,alert,,,,,,,,,Resize failed BTC 0129859f-b335-41c0-96dc-a8e3df8dc2ca: Order must have minimum value of $10. asset=3,
2026-08-17T20:17:12.261Z,alert,,,,,,,,,Resize failed BTC 0129859f-b335-41c0-96dc-a8e3df8dc2ca: Order must have minimum value of $10. asset=3,
2026-08-17T20:17:32.615Z,alert,,,,,,,,,Resize failed BTC 0129859f-b335-41c0-96dc-a8e3df8dc2ca: Order must have minimum value of $10. asset=3,
2026-08-17T20:17:52.930Z,alert,,,,,,,,,Resize failed BTC 0129859f-b335-41c0-96dc-a8e3df8dc2ca: Order must have minimum value of $10. asset=3,
2026-08-17T20:18:13.145Z,alert,,,,,,,,,Resize failed BTC 0129859f-b335-41c0-96dc-a8e3df8dc2ca: Order must have minimum value of $10. asset=3,
2026-08-17T20:18:33.837Z,alert,,,,,,,,,Resize failed BTC 0129859f-b335-41c0-96dc-a8e3df8dc2ca: Order must have minimum value of $10. asset=3,
2026-08-17T20:18:53.580Z,alert,,,,,,,,,Resize failed BTC 0129859f-b335-41c0-96dc-a8e3df8dc2ca: Order must have minimum value of $10. asset=3,
2026-08-17T20:19:13.775Z,alert,,,,,,,,,Resize failed BTC 0129859f-b335-41c0-96dc-a8e3df8dc2ca: Order must have minimum value of $10. asset=3,
2026-08-17T20:19:34.273Z,alert,,,,,,,,,Resize failed BTC 0129859f-b335-41c0-96dc-a8e3df8dc2ca: Order must have minimum value of $10. asset=3,
2026-08-17T20:19:54.677Z,alert,,,,,,,,,Resize failed BTC 0129859f-b335-41c0-96dc-a8e3df8dc2ca: Order must have minimum value of $10. asset=3,
2026-08-17T20:20:14.928Z,alert,,,,,,,,,Resize failed BTC 0129859f-b335-41c0-96dc-a8e3df8dc2ca: Order must have minimum value of $10. asset=3,
2026-08-17T20:20:35.347Z,alert,,,,,,,,,Resize failed BTC 0129859f-b335-41c0-96dc-a8e3df8dc2ca: Order must have minimum value of $10. asset=3,
2026-08-17T20:20:55.553Z,alert,,,,,,,,,Resize failed BTC 0129859f-b335-41c0-96dc-a8e3df8dc2ca: Order must have minimum value of $10. asset=3,
2026-08-17T20:21:15.998Z,alert,,,,,,,,,Resize failed BTC 0129859f-b335-41c0-96dc-a8e3df8dc2ca: Order must have minimum value of $10. asset=3,
2026-08-17T20:21:36.530Z,alert,,,,,,,,,Resize failed BTC 0129859f-b335-41c0-96dc-a8e3df8dc2ca: Order must have minimum value of $10. asset=3,
2026-08-17T20:21:56.781Z,alert,,,,,,,,,Resize failed BTC 0129859f-b335-41c0-96dc-a8e3df8dc2ca: Order must have minimum value of $10. asset=3,
2026-08-17T20:22:17.636Z,alert,,,,,,,,,Resize failed BTC 0129859f-b335-41c0-96dc-a8e3df8dc2ca: Order must have minimum value of $10. asset=3,
2026-08-17T20:22:37.335Z,alert,,,,,,,,,Resize failed BTC 0129859f-b335-41c0-96dc-a8e3df8dc2ca: Order must have minimum value of $10. asset=3,
2026-08-17T20:22:57.599Z,alert,,,,,,,,,Resize failed BTC 0129859f-b335-41c0-96dc-a8e3df8dc2ca: Order must have minimum value of $10. asset=3,
2026-08-17T20:23:17.778Z,alert,,,,,,,,,Resize failed BTC 0129859f-b335-41c0-96dc-a8e3df8dc2ca: Order must have minimum value of $10. asset=3,
2026-08-17T20:23:37.776Z,alert,,,,,,,,,Resize failed BTC 0129859f-b335-41c0-96dc-a8e3df8dc2ca: Order must have minimum value of $10. asset=3,
2026-08-17T20:23:58.050Z,alert,,,,,,,,,Resize failed BTC 0129859f-b335-41c0-96dc-a8e3df8dc2ca: Order must have minimum value of $10. asset=3,
2026-08-17T20:24:18.921Z,alert,,,,,,,,,Resize failed BTC 0129859f-b335-41c0-96dc-a8e3df8dc2ca: Order must have minimum value of $10. asset=3,
2026-08-17T20:24:38.849Z,alert,,,,,,,,,Resize failed BTC 0129859f-b335-41c0-96dc-a8e3df8dc2ca: Order must have minimum value of $10. asset=3,
2026-08-17T20:24:58.829Z,alert,,,,,,,,,Resize failed BTC 0129859f-b335-41c0-96dc-a8e3df8dc2ca: Order must have minimum value of $10. asset=3,
2026-08-17T20:25:19.334Z,alert,,,,,,,,,Resize failed BTC 0129859f-b335-41c0-96dc-a8e3df8dc2ca: Order must have minimum value of $10. asset=3,
2026-08-17T20:25:39.577Z,alert,,,,,,,,,Resize failed BTC 0129859f-b335-41c0-96dc-a8e3df8dc2ca: Order must have minimum value of $10. asset=3,
2026-08-17T20:25:59.788Z,alert,,,,,,,,,Resize failed BTC 0129859f-b335-41c0-96dc-a8e3df8dc2ca: Order must have minimum value of $10. asset=3,
2026-08-17T20:26:19.861Z,alert,,,,,,,,,Resize failed BTC 0129859f-b335-41c0-96dc-a8e3df8dc2ca: Order must have minimum value of $10. asset=3,
2026-08-17T20:26:39.859Z,alert,,,,,,,,,Resize failed BTC 0129859f-b335-41c0-96dc-a8e3df8dc2ca: Order must have minimum value of $10. asset=3,
2026-08-17T20:27:00.139Z,alert,,,,,,,,,Resize failed BTC 0129859f-b335-41c0-96dc-a8e3df8dc2ca: Order must have minimum value of $10. asset=3,
2026-08-17T20:27:20.459Z,alert,,,,,,,,,Resize failed BTC 0129859f-b335-41c0-96dc-a8e3df8dc2ca: Order must have minimum value of $10. asset=3,
2026-08-17T20:27:40.726Z,alert,,,,,,,,,Resize failed BTC 0129859f-b335-41c0-96dc-a8e3df8dc2ca: Order must have minimum value of $10. asset=3,
2026-08-17T20:28:01.153Z,alert,,,,,,,,,Resize failed BTC 0129859f-b335-41c0-96dc-a8e3df8dc2ca: Order must have minimum value of $10. asset=3,
2026-08-17T20:28:21.575Z,alert,,,,,,,,,Resize failed BTC 0129859f-b335-41c0-96dc-a8e3df8dc2ca: Order must have minimum value of $10. asset=3,
2026-08-17T20:28:41.511Z,alert,,,,,,,,,Resize failed BTC 0129859f-b335-41c0-96dc-a8e3df8dc2ca: Order must have minimum value of $10. asset=3,
2026-08-17T20:29:01.857Z,alert,,,,,,,,,Resize failed BTC 0129859f-b335-41c0-96dc-a8e3df8dc2ca: Order must have minimum value of $10. asset=3,
2026-08-17T20:29:22.098Z,alert,,,,,,,,,Resize failed BTC 0129859f-b335-41c0-96dc-a8e3df8dc2ca: Order must have minimum value of $10. asset=3,
2026-08-17T20:29:42.734Z,alert,,,,,,,,,Resize failed BTC 0129859f-b335-41c0-96dc-a8e3df8dc2ca: Order must have minimum value of $10. asset=3,
2026-08-17T20:30:02.849Z,alert,,,,,,,,,Resize failed BTC 0129859f-b335-41c0-96dc-a8e3df8dc2ca: Order must have minimum value of $10. asset=3,
2026-08-17T20:30:24.336Z,alert,,,,,,,,,Resize failed BTC 0129859f-b335-41c0-96dc-a8e3df8dc2ca: Order must have minimum value of $10. asset=3,
2026-08-17T20:30:44.541Z,alert,,,,,,,,,Resize failed BTC 0129859f-b335-41c0-96dc-a8e3df8dc2ca: Order must have minimum value of $10. asset=3,
2026-08-17T20:31:06.607Z,alert,,,,,,,,,Resize failed BTC 0129859f-b335-41c0-96dc-a8e3df8dc2ca: Order must have minimum value of $10. asset=3,
2026-08-17T20:31:26.960Z,alert,,,,,,,,,Resize failed BTC 0129859f-b335-41c0-96dc-a8e3df8dc2ca: Order must have minimum value of $10. asset=3,
2026-08-17T20:31:47.198Z,alert,,,,,,,,,Resize failed BTC 0129859f-b335-41c0-96dc-a8e3df8dc2ca: Order must have minimum value of $10. asset=3,
2026-08-17T20:32:07.359Z,alert,,,,,,,,,Resize failed BTC 0129859f-b335-41c0-96dc-a8e3df8dc2ca: Order must have minimum value of $10. asset=3,
2026-08-17T20:32:27.439Z,alert,,,,,,,,,Resize failed BTC 0129859f-b335-41c0-96dc-a8e3df8dc2ca: Order must have minimum value of $10. asset=3,
2026-08-17T20:32:47.463Z,alert,,,,,,,,,Resize failed BTC 0129859f-b335-41c0-96dc-a8e3df8dc2ca: Order must have minimum value of $10. asset=3,
2026-08-17T20:33:07.629Z,alert,,,,,,,,,Resize failed BTC 0129859f-b335-41c0-96dc-a8e3df8dc2ca: Order must have minimum value of $10. asset=3,
2026-08-17T20:33:28.146Z,alert,,,,,,,,,Resize failed BTC 0129859f-b335-41c0-96dc-a8e3df8dc2ca: Order must have minimum value of $10. asset=3,
2026-08-17T20:33:47.994Z,alert,,,,,,,,,Resize failed BTC 0129859f-b335-41c0-96dc-a8e3df8dc2ca: Order must have minimum value of $10. asset=3,
2026-08-17T20:34:08.397Z,alert,,,,,,,,,Resize failed BTC 0129859f-b335-41c0-96dc-a8e3df8dc2ca: Order must have minimum value of $10. asset=3,
2026-08-17T20:34:28.667Z,alert,,,,,,,,,Resize failed BTC 0129859f-b335-41c0-96dc-a8e3df8dc2ca: Order must have minimum value of $10. asset=3,
2026-08-17T20:34:48.451Z,alert,,,,,,,,,Resize failed BTC 0129859f-b335-41c0-96dc-a8e3df8dc2ca: Order must have minimum value of $10. asset=3,
2026-08-17T20:35:09.060Z,alert,,,,,,,,,Resize failed BTC 0129859f-b335-41c0-96dc-a8e3df8dc2ca: Order must have minimum value of $10. asset=3,
2026-08-17T20:35:29.158Z,alert,,,,,,,,,Resize failed BTC 0129859f-b335-41c0-96dc-a8e3df8dc2ca: Order must have minimum value of $10. asset=3,
2026-08-17T20:35:49.803Z,alert,,,,,,,,,Resize failed BTC 0129859f-b335-41c0-96dc-a8e3df8dc2ca: Order must have minimum value of $10. asset=3,
2026-08-17T20:36:09.698Z,alert,,,,,,,,,Resize failed BTC 0129859f-b335-41c0-96dc-a8e3df8dc2ca: Order must have minimum value of $10. asset=3,
2026-08-17T20:36:29.849Z,alert,,,,,,,,,Resize failed BTC 0129859f-b335-41c0-96dc-a8e3df8dc2ca: Order must have minimum value of $10. asset=3,
2026-08-17T20:36:49.895Z,alert,,,,,,,,,Resize failed BTC 0129859f-b335-41c0-96dc-a8e3df8dc2ca: Order must have minimum value of $10. asset=3,
2026-08-17T20:37:09.790Z,alert,,,,,,,,,Resize failed BTC 0129859f-b335-41c0-96dc-a8e3df8dc2ca: Order must have minimum value of $10. asset=3,
2026-08-17T20:37:30.173Z,alert,,,,,,,,,Resize failed BTC 0129859f-b335-41c0-96dc-a8e3df8dc2ca: Order must have minimum value of $10. asset=3,
2026-08-17T20:37:50.128Z,alert,,,,,,,,,Resize failed BTC 0129859f-b335-41c0-96dc-a8e3df8dc2ca: Order must have minimum value of $10. asset=3,
2026-08-17T20:38:10.516Z,alert,,,,,,,,,Resize failed BTC 0129859f-b335-41c0-96dc-a8e3df8dc2ca: Order must have minimum value of $10. asset=3,
2026-08-17T20:38:30.955Z,alert,,,,,,,,,Resize failed BTC 0129859f-b335-41c0-96dc-a8e3df8dc2ca: Order must have minimum value of $10. asset=3,
2026-08-17T20:38:51.069Z,alert,,,,,,,,,Resize failed BTC 0129859f-b335-41c0-96dc-a8e3df8dc2ca: Order must have minimum value of $10. asset=3,
2026-08-17T20:39:11.353Z,alert,,,,,,,,,Resize failed BTC 0129859f-b335-41c0-96dc-a8e3df8dc2ca: Order must have minimum value of $10. asset=3,
2026-08-17T20:39:31.211Z,alert,,,,,,,,,Resize failed BTC 0129859f-b335-41c0-96dc-a8e3df8dc2ca: Order must have minimum value of $10. asset=3,
2026-08-17T20:39:51.386Z,alert,,,,,,,,,Resize failed BTC 0129859f-b335-41c0-96dc-a8e3df8dc2ca: Order must have minimum value of $10. asset=3,
2026-08-17T20:40:11.563Z,alert,,,,,,,,,Resize failed BTC 0129859f-b335-41c0-96dc-a8e3df8dc2ca: Order must have minimum value of $10. asset=3,
2026-08-17T20:40:31.860Z,alert,,,,,,,,,Resize failed BTC 0129859f-b335-41c0-96dc-a8e3df8dc2ca: Order must have minimum value of $10. asset=3,
2026-08-17T20:40:51.950Z,alert,,,,,,,,,Resize failed BTC 0129859f-b335-41c0-96dc-a8e3df8dc2ca: Order must have minimum value of $10. asset=3,
2026-08-17T20:41:12.502Z,alert,,,,,,,,,Resize failed BTC 0129859f-b335-41c0-96dc-a8e3df8dc2ca: Order must have minimum value of $10. asset=3,
2026-08-17T20:41:32.615Z,alert,,,,,,,,,Resize failed BTC 0129859f-b335-41c0-96dc-a8e3df8dc2ca: Order must have minimum value of $10. asset=3,
2026-08-17T20:41:53.296Z,alert,,,,,,,,,Resize failed BTC 0129859f-b335-41c0-96dc-a8e3df8dc2ca: Order must have minimum value of $10. asset=3,
2026-08-17T20:42:13.532Z,alert,,,,,,,,,Resize failed BTC 0129859f-b335-41c0-96dc-a8e3df8dc2ca: Order must have minimum value of $10. asset=3,
2026-08-17T20:42:34.081Z,alert,,,,,,,,,Resize failed BTC 0129859f-b335-41c0-96dc-a8e3df8dc2ca: Order must have minimum value of $10. asset=3,
2026-08-17T20:42:54.554Z,alert,,,,,,,,,Resize failed BTC 0129859f-b335-41c0-96dc-a8e3df8dc2ca: Order must have minimum value of $10. asset=3,
2026-08-17T20:43:14.431Z,alert,,,,,,,,,Resize failed BTC 0129859f-b335-41c0-96dc-a8e3df8dc2ca: Order must have minimum value of $10. asset=3,
2026-08-17T20:43:33.895Z,alert,,,,,,,,,Resize failed BTC 0129859f-b335-41c0-96dc-a8e3df8dc2ca: Order must have minimum value of $10. asset=3,
2026-08-17T20:43:54.365Z,alert,,,,,,,,,Resize failed BTC 0129859f-b335-41c0-96dc-a8e3df8dc2ca: Order must have minimum value of $10. asset=3,
2026-08-17T20:44:14.707Z,alert,,,,,,,,,Resize failed BTC 0129859f-b335-41c0-96dc-a8e3df8dc2ca: Order must have minimum value of $10. asset=3,
2026-08-17T20:44:35.311Z,alert,,,,,,,,,Resize failed BTC 0129859f-b335-41c0-96dc-a8e3df8dc2ca: Order must have minimum value of $10. asset=3,
2026-08-17T20:44:55.688Z,alert,,,,,,,,,Resize failed BTC 0129859f-b335-41c0-96dc-a8e3df8dc2ca: Order must have minimum value of $10. asset=3,
2026-08-17T20:45:15.641Z,alert,,,,,,,,,Resize failed BTC 0129859f-b335-41c0-96dc-a8e3df8dc2ca: Order must have minimum value of $10. asset=3,
2026-08-17T20:45:35.561Z,alert,,,,,,,,,Resize failed BTC 0129859f-b335-41c0-96dc-a8e3df8dc2ca: Order must have minimum value of $10. asset=3,
2026-08-17T20:45:55.241Z,alert,,,,,,,,,Resize failed BTC 0129859f-b335-41c0-96dc-a8e3df8dc2ca: Order must have minimum value of $10. asset=3,
2026-08-17T20:46:15.410Z,alert,,,,,,,,,Resize failed BTC 0129859f-b335-41c0-96dc-a8e3df8dc2ca: Order must have minimum value of $10. asset=3,
2026-08-17T20:46:35.740Z,alert,,,,,,,,,Resize failed BTC 0129859f-b335-41c0-96dc-a8e3df8dc2ca: Order must have minimum value of $10. asset=3,
2026-08-17T20:46:56.046Z,alert,,,,,,,,,Resize failed BTC 0129859f-b335-41c0-96dc-a8e3df8dc2ca: Order must have minimum value of $10. asset=3,
2026-08-17T20:47:16.206Z,alert,,,,,,,,,Resize failed BTC 0129859f-b335-41c0-96dc-a8e3df8dc2ca: Order must have minimum value of $10. asset=3,
2026-08-17T20:47:36.001Z,alert,,,,,,,,,Resize failed BTC 0129859f-b335-41c0-96dc-a8e3df8dc2ca: Order must have minimum value of $10. asset=3,
2026-08-17T20:47:56.314Z,alert,,,,,,,,,Resize failed BTC 0129859f-b335-41c0-96dc-a8e3df8dc2ca: Order must have minimum value of $10. asset=3,
2026-08-17T20:48:17.370Z,alert,,,,,,,,,Resize failed BTC 0129859f-b335-41c0-96dc-a8e3df8dc2ca: Order must have minimum value of $10. asset=3,
2026-08-17T20:48:37.588Z,alert,,,,,,,,,Resize failed BTC 0129859f-b335-41c0-96dc-a8e3df8dc2ca: Order must have minimum value of $10. asset=3,
2026-08-17T20:48:58.061Z,alert,,,,,,,,,Resize failed BTC 0129859f-b335-41c0-96dc-a8e3df8dc2ca: Order must have minimum value of $10. asset=3,
2026-08-17T20:49:18.661Z,alert,,,,,,,,,Resize failed BTC 0129859f-b335-41c0-96dc-a8e3df8dc2ca: Order must have minimum value of $10. asset=3,
2026-08-17T20:49:38.711Z,alert,,,,,,,,,Resize failed BTC 0129859f-b335-41c0-96dc-a8e3df8dc2ca: Order must have minimum value of $10. asset=3,
2026-08-17T20:49:58.725Z,alert,,,,,,,,,Resize failed BTC 0129859f-b335-41c0-96dc-a8e3df8dc2ca: Order must have minimum value of $10. asset=3,
2026-08-17T20:50:19.060Z,alert,,,,,,,,,Resize failed BTC 0129859f-b335-41c0-96dc-a8e3df8dc2ca: Order must have minimum value of $10. asset=3,
2026-08-17T20:50:39.708Z,alert,,,,,,,,,Resize failed BTC 0129859f-b335-41c0-96dc-a8e3df8dc2ca: Order must have minimum value of $10. asset=3,
2026-08-17T20:50:59.567Z,alert,,,,,,,,,Resize failed BTC 0129859f-b335-41c0-96dc-a8e3df8dc2ca: Order must have minimum value of $10. asset=3,
2026-08-17T20:51:19.910Z,alert,,,,,,,,,Resize failed BTC 0129859f-b335-41c0-96dc-a8e3df8dc2ca: Order must have minimum value of $10. asset=3,
2026-08-17T20:51:40.176Z,alert,,,,,,,,,Resize failed BTC 0129859f-b335-41c0-96dc-a8e3df8dc2ca: Order must have minimum value of $10. asset=3,
2026-08-17T20:52:01.336Z,alert,,,,,,,,,Resize failed BTC 0129859f-b335-41c0-96dc-a8e3df8dc2ca: Order must have minimum value of $10. asset=3,
2026-08-17T20:52:21.269Z,alert,,,,,,,,,Resize failed BTC 0129859f-b335-41c0-96dc-a8e3df8dc2ca: Order must have minimum value of $10. asset=3,
2026-08-17T20:52:41.078Z,alert,,,,,,,,,Resize failed BTC 0129859f-b335-41c0-96dc-a8e3df8dc2ca: Order must have minimum value of $10. asset=3,
2026-08-17T20:53:01.505Z,alert,,,,,,,,,Resize failed BTC 0129859f-b335-41c0-96dc-a8e3df8dc2ca: Order must have minimum value of $10. asset=3,
2026-08-17T20:53:21.881Z,alert,,,,,,,,,Resize failed BTC 0129859f-b335-41c0-96dc-a8e3df8dc2ca: Order must have minimum value of $10. asset=3,
2026-08-17T20:53:41.795Z,alert,,,,,,,,,Resize failed BTC 0129859f-b335-41c0-96dc-a8e3df8dc2ca: Order must have minimum value of $10. asset=3,
2026-08-17T20:54:01.969Z,alert,,,,,,,,,Resize failed BTC 0129859f-b335-41c0-96dc-a8e3df8dc2ca: Order must have minimum value of $10. asset=3,
2026-08-17T20:54:22.170Z,alert,,,,,,,,,Resize failed BTC 0129859f-b335-41c0-96dc-a8e3df8dc2ca: Order must have minimum value of $10. asset=3,
2026-08-17T20:54:41.999Z,alert,,,,,,,,,Resize failed BTC 0129859f-b335-41c0-96dc-a8e3df8dc2ca: Order must have minimum value of $10. asset=3,
2026-08-17T20:55:02.235Z,alert,,,,,,,,,Resize failed BTC 0129859f-b335-41c0-96dc-a8e3df8dc2ca: Order must have minimum value of $10. asset=3,
2026-08-17T20:55:22.470Z,alert,,,,,,,,,Resize failed BTC 0129859f-b335-41c0-96dc-a8e3df8dc2ca: Order must have minimum value of $10. asset=3,
2026-08-17T20:55:42.442Z,alert,,,,,,,,,Resize failed BTC 0129859f-b335-41c0-96dc-a8e3df8dc2ca: Order must have minimum value of $10. asset=3,
2026-08-17T20:56:02.245Z,alert,,,,,,,,,Resize failed BTC 0129859f-b335-41c0-96dc-a8e3df8dc2ca: Order must have minimum value of $10. asset=3,
2026-08-17T20:56:21.793Z,alert,,,,,,,,,Resize failed BTC 0129859f-b335-41c0-96dc-a8e3df8dc2ca: Order must have minimum value of $10. asset=3,
2026-08-17T20:56:41.972Z,alert,,,,,,,,,Resize failed BTC 0129859f-b335-41c0-96dc-a8e3df8dc2ca: Order must have minimum value of $10. asset=3,
2026-08-17T20:57:01.977Z,alert,,,,,,,,,Resize failed BTC 0129859f-b335-41c0-96dc-a8e3df8dc2ca: Order must have minimum value of $10. asset=3,
2026-08-17T20:57:22.608Z,alert,,,,,,,,,Resize failed BTC 0129859f-b335-41c0-96dc-a8e3df8dc2ca: Order must have minimum value of $10. asset=3,
2026-08-17T20:57:42.661Z,alert,,,,,,,,,Resize failed BTC 0129859f-b335-41c0-96dc-a8e3df8dc2ca: Order must have minimum value of $10. asset=3,
2026-08-17T20:58:02.834Z,alert,,,,,,,,,Resize failed BTC 0129859f-b335-41c0-96dc-a8e3df8dc2ca: Order must have minimum value of $10. asset=3,
2026-08-17T20:58:22.659Z,alert,,,,,,,,,Resize failed BTC 0129859f-b335-41c0-96dc-a8e3df8dc2ca: Order must have minimum value of $10. asset=3,
2026-08-17T20:58:42.784Z,alert,,,,,,,,,Resize failed BTC 0129859f-b335-41c0-96dc-a8e3df8dc2ca: Order must have minimum value of $10. asset=3,
2026-08-17T20:59:03.123Z,alert,,,,,,,,,Resize failed BTC 0129859f-b335-41c0-96dc-a8e3df8dc2ca: Order must have minimum value of $10. asset=3,
2026-08-17T20:59:23.215Z,alert,,,,,,,,,Resize failed BTC 0129859f-b335-41c0-96dc-a8e3df8dc2ca: Order must have minimum value of $10. asset=3,
2026-08-17T20:59:43.495Z,alert,,,,,,,,,Resize failed BTC 0129859f-b335-41c0-96dc-a8e3df8dc2ca: Order must have minimum value of $10. asset=3,
2026-08-17T21:00:03.434Z,alert,,,,,,,,,Resize failed BTC 0129859f-b335-41c0-96dc-a8e3df8dc2ca: Order must have minimum value of $10. asset=3,
2026-08-17T21:00:23.583Z,alert,,,,,,,,,Resize failed BTC 0129859f-b335-41c0-96dc-a8e3df8dc2ca: Order must have minimum value of $10. asset=3,
2026-08-17T21:00:43.767Z,alert,,,,,,,,,Resize failed BTC 0129859f-b335-41c0-96dc-a8e3df8dc2ca: Order must have minimum value of $10. asset=3,
2026-08-17T21:01:04.310Z,alert,,,,,,,,,Resize failed BTC 0129859f-b335-41c0-96dc-a8e3df8dc2ca: Order must have minimum value of $10. asset=3,
2026-08-17T21:01:24.370Z,alert,,,,,,,,,Resize failed BTC 0129859f-b335-41c0-96dc-a8e3df8dc2ca: Order must have minimum value of $10. asset=3,
2026-08-17T21:01:44.275Z,alert,,,,,,,,,Resize failed BTC 0129859f-b335-41c0-96dc-a8e3df8dc2ca: Order must have minimum value of $10. asset=3,
2026-08-17T21:02:04.474Z,alert,,,,,,,,,Resize failed BTC 0129859f-b335-41c0-96dc-a8e3df8dc2ca: Order must have minimum value of $10. asset=3,
2026-08-17T21:02:24.251Z,alert,,,,,,,,,Resize failed BTC 0129859f-b335-41c0-96dc-a8e3df8dc2ca: Order must have minimum value of $10. asset=3,
2026-08-17T21:02:44.239Z,alert,,,,,,,,,Resize failed BTC 0129859f-b335-41c0-96dc-a8e3df8dc2ca: Order must have minimum value of $10. asset=3,
2026-08-17T21:03:04.374Z,alert,,,,,,,,,Resize failed BTC 0129859f-b335-41c0-96dc-a8e3df8dc2ca: Order must have minimum value of $10. asset=3,
2026-08-17T21:03:23.896Z,alert,,,,,,,,,Resize failed BTC 0129859f-b335-41c0-96dc-a8e3df8dc2ca: Order must have minimum value of $10. asset=3,
2026-08-17T21:03:43.721Z,alert,,,,,,,,,Resize failed BTC 0129859f-b335-41c0-96dc-a8e3df8dc2ca: Order must have minimum value of $10. asset=3,
2026-08-17T21:04:03.648Z,alert,,,,,,,,,Resize failed BTC 0129859f-b335-41c0-96dc-a8e3df8dc2ca: Order must have minimum value of $10. asset=3,
2026-08-17T21:04:23.508Z,alert,,,,,,,,,Resize failed BTC 0129859f-b335-41c0-96dc-a8e3df8dc2ca: Order must have minimum value of $10. asset=3,
2026-08-17T21:04:43.051Z,alert,,,,,,,,,Resize failed BTC 0129859f-b335-41c0-96dc-a8e3df8dc2ca: Order must have minimum value of $10. asset=3,
2026-08-17T21:05:03.396Z,alert,,,,,,,,,Resize failed BTC 0129859f-b335-41c0-96dc-a8e3df8dc2ca: Order must have minimum value of $10. asset=3,
2026-08-17T21:05:23.294Z,alert,,,,,,,,,Resize failed BTC 0129859f-b335-41c0-96dc-a8e3df8dc2ca: Order must have minimum value of $10. asset=3,
2026-08-17T21:05:43.344Z,alert,,,,,,,,,Resize failed BTC 0129859f-b335-41c0-96dc-a8e3df8dc2ca: Order must have minimum value of $10. asset=3,
2026-08-17T21:06:02.667Z,alert,,,,,,,,,Resize failed BTC 0129859f-b335-41c0-96dc-a8e3df8dc2ca: Order must have minimum value of $10. asset=3,
2026-08-17T21:06:22.876Z,alert,,,,,,,,,Resize failed BTC 0129859f-b335-41c0-96dc-a8e3df8dc2ca: Order must have minimum value of $10. asset=3,
2026-08-17T21:06:42.749Z,alert,,,,,,,,,Resize failed BTC 0129859f-b335-41c0-96dc-a8e3df8dc2ca: Order must have minimum value of $10. asset=3,
2026-08-17T21:07:02.662Z,alert,,,,,,,,,Resize failed BTC 0129859f-b335-41c0-96dc-a8e3df8dc2ca: Order must have minimum value of $10. asset=3,
2026-08-17T21:07:22.864Z,alert,,,,,,,,,Resize failed BTC 0129859f-b335-41c0-96dc-a8e3df8dc2ca: Order must have minimum value of $10. asset=3,
2026-08-17T21:07:42.525Z,alert,,,,,,,,,Resize failed BTC 0129859f-b335-41c0-96dc-a8e3df8dc2ca: Order must have minimum value of $10. asset=3,
2026-08-17T21:08:02.524Z,alert,,,,,,,,,Resize failed BTC 0129859f-b335-41c0-96dc-a8e3df8dc2ca: Order must have minimum value of $10. asset=3,
2026-08-17T21:08:22.618Z,alert,,,,,,,,,Resize failed BTC 0129859f-b335-41c0-96dc-a8e3df8dc2ca: Order must have minimum value of $10. asset=3,
2026-08-17T21:08:42.496Z,alert,,,,,,,,,Resize failed BTC 0129859f-b335-41c0-96dc-a8e3df8dc2ca: Order must have minimum value of $10. asset=3,
2026-08-17T21:09:02.768Z,alert,,,,,,,,,Resize failed BTC 0129859f-b335-41c0-96dc-a8e3df8dc2ca: Order must have minimum value of $10. asset=3,
2026-08-17T21:09:22.912Z,alert,,,,,,,,,Resize failed BTC 0129859f-b335-41c0-96dc-a8e3df8dc2ca: Order must have minimum value of $10. asset=3,
2026-08-17T21:09:42.900Z,alert,,,,,,,,,Resize failed BTC 0129859f-b335-41c0-96dc-a8e3df8dc2ca: Order must have minimum value of $10. asset=3,
2026-08-17T21:10:03.082Z,alert,,,,,,,,,Resize failed BTC 0129859f-b335-41c0-96dc-a8e3df8dc2ca: Order must have minimum value of $10. asset=3,
2026-08-17T21:10:23.086Z,alert,,,,,,,,,Resize failed BTC 0129859f-b335-41c0-96dc-a8e3df8dc2ca: Order must have minimum value of $10. asset=3,
2026-08-17T21:10:43.121Z,alert,,,,,,,,,Resize failed BTC 0129859f-b335-41c0-96dc-a8e3df8dc2ca: Order must have minimum value of $10. asset=3,
2026-08-17T21:11:03.034Z,alert,,,,,,,,,Resize failed BTC 0129859f-b335-41c0-96dc-a8e3df8dc2ca: Order must have minimum value of $10. asset=3,
2026-08-17T21:11:23.309Z,alert,,,,,,,,,Resize failed BTC 0129859f-b335-41c0-96dc-a8e3df8dc2ca: Order must have minimum value of $10. asset=3,
2026-08-17T21:11:43.168Z,alert,,,,,,,,,Resize failed BTC 0129859f-b335-41c0-96dc-a8e3df8dc2ca: Order must have minimum value of $10. asset=3,
2026-08-17T21:12:03.100Z,alert,,,,,,,,,Resize failed BTC 0129859f-b335-41c0-96dc-a8e3df8dc2ca: Order must have minimum value of $10. asset=3,
2026-08-17T21:12:23.404Z,alert,,,,,,,,,Resize failed BTC 0129859f-b335-41c0-96dc-a8e3df8dc2ca: Order must have minimum value of $10. asset=3,
2026-08-17T21:12:43.195Z,alert,,,,,,,,,Resize failed BTC 0129859f-b335-41c0-96dc-a8e3df8dc2ca: Order must have minimum value of $10. asset=3,
2026-08-17T21:13:02.960Z,alert,,,,,,,,,Resize failed BTC 0129859f-b335-41c0-96dc-a8e3df8dc2ca: Order must have minimum value of $10. asset=3,
2026-08-17T21:13:23.053Z,alert,,,,,,,,,Resize failed BTC 0129859f-b335-41c0-96dc-a8e3df8dc2ca: Order must have minimum value of $10. asset=3,
2026-08-17T21:13:42.708Z,alert,,,,,,,,,Resize failed BTC 0129859f-b335-41c0-96dc-a8e3df8dc2ca: Order must have minimum value of $10. asset=3,
2026-08-17T21:14:02.375Z,alert,,,,,,,,,Resize failed BTC 0129859f-b335-41c0-96dc-a8e3df8dc2ca: Order must have minimum value of $10. asset=3,
2026-08-17T21:14:22.873Z,alert,,,,,,,,,Resize failed BTC 0129859f-b335-41c0-96dc-a8e3df8dc2ca: Order must have minimum value of $10. asset=3,
2026-08-17T21:14:42.633Z,alert,,,,,,,,,Resize failed BTC 0129859f-b335-41c0-96dc-a8e3df8dc2ca: Order must have minimum value of $10. asset=3,
2026-08-17T21:15:03.291Z,alert,,,,,,,,,Resize failed BTC 0129859f-b335-41c0-96dc-a8e3df8dc2ca: Order must have minimum value of $10. asset=3,
2026-08-17T21:15:23.240Z,alert,,,,,,,,,Resize failed BTC 0129859f-b335-41c0-96dc-a8e3df8dc2ca: Order must have minimum value of $10. asset=3,
2026-08-17T21:15:43.392Z,alert,,,,,,,,,Resize failed BTC 0129859f-b335-41c0-96dc-a8e3df8dc2ca: Order must have minimum value of $10. asset=3,
2026-08-17T21:16:03.474Z,alert,,,,,,,,,Resize failed BTC 0129859f-b335-41c0-96dc-a8e3df8dc2ca: Order must have minimum value of $10. asset=3,
2026-08-17T21:16:23.812Z,alert,,,,,,,,,Resize failed BTC 0129859f-b335-41c0-96dc-a8e3df8dc2ca: Order must have minimum value of $10. asset=3,
2026-08-17T21:16:43.351Z,alert,,,,,,,,,Resize failed BTC 0129859f-b335-41c0-96dc-a8e3df8dc2ca: Order must have minimum value of $10. asset=3,
2026-08-17T21:17:03.421Z,alert,,,,,,,,,Resize failed BTC 0129859f-b335-41c0-96dc-a8e3df8dc2ca: Order must have minimum value of $10. asset=3,
2026-08-17T21:17:23.698Z,alert,,,,,,,,,Resize failed BTC 0129859f-b335-41c0-96dc-a8e3df8dc2ca: Order must have minimum value of $10. asset=3,
2026-08-17T21:17:43.879Z,alert,,,,,,,,,Resize failed BTC 0129859f-b335-41c0-96dc-a8e3df8dc2ca: Order must have minimum value of $10. asset=3,
2026-08-17T21:18:03.478Z,alert,,,,,,,,,Resize failed BTC 0129859f-b335-41c0-96dc-a8e3df8dc2ca: Order must have minimum value of $10. asset=3,
2026-08-17T21:18:23.291Z,alert,,,,,,,,,Resize failed BTC 0129859f-b335-41c0-96dc-a8e3df8dc2ca: Order must have minimum value of $10. asset=3,
2026-08-17T21:18:43.142Z,alert,,,,,,,,,Resize failed BTC 0129859f-b335-41c0-96dc-a8e3df8dc2ca: Order must have minimum value of $10. asset=3,
2026-08-17T21:19:03.240Z,alert,,,,,,,,,Resize failed BTC 0129859f-b335-41c0-96dc-a8e3df8dc2ca: Order must have minimum value of $10. asset=3,
2026-08-17T21:19:24.012Z,alert,,,,,,,,,Resize failed BTC 0129859f-b335-41c0-96dc-a8e3df8dc2ca: Order must have minimum value of $10. asset=3,
2026-08-17T21:19:43.812Z,alert,,,,,,,,,Resize failed BTC 0129859f-b335-41c0-96dc-a8e3df8dc2ca: Order must have minimum value of $10. asset=3,
2026-08-17T21:20:03.862Z,alert,,,,,,,,,Resize failed BTC 0129859f-b335-41c0-96dc-a8e3df8dc2ca: Order must have minimum value of $10. asset=3,
2026-08-17T21:20:23.772Z,alert,,,,,,,,,Resize failed BTC 0129859f-b335-41c0-96dc-a8e3df8dc2ca: Order must have minimum value of $10. asset=3,
2026-08-17T21:20:43.611Z,alert,,,,,,,,,Resize failed BTC 0129859f-b335-41c0-96dc-a8e3df8dc2ca: Order must have minimum value of $10. asset=3,
2026-08-17T21:21:03.360Z,alert,,,,,,,,,Resize failed BTC 0129859f-b335-41c0-96dc-a8e3df8dc2ca: Order must have minimum value of $10. asset=3,
2026-08-17T21:21:23.401Z,alert,,,,,,,,,Resize failed BTC 0129859f-b335-41c0-96dc-a8e3df8dc2ca: Order must have minimum value of $10. asset=3,
2026-08-17T21:21:43.258Z,alert,,,,,,,,,Resize failed BTC 0129859f-b335-41c0-96dc-a8e3df8dc2ca: Order must have minimum value of $10. asset=3,
2026-08-17T21:22:03.296Z,alert,,,,,,,,,Resize failed BTC 0129859f-b335-41c0-96dc-a8e3df8dc2ca: Order must have minimum value of $10. asset=3,
2026-08-17T21:22:23.381Z,alert,,,,,,,,,Resize failed BTC 0129859f-b335-41c0-96dc-a8e3df8dc2ca: Order must have minimum value of $10. asset=3,
2026-08-17T21:22:43.417Z,alert,,,,,,,,,Resize failed BTC 0129859f-b335-41c0-96dc-a8e3df8dc2ca: Order must have minimum value of $10. asset=3,
2026-08-17T21:23:03.797Z,alert,,,,,,,,,Resize failed BTC 0129859f-b335-41c0-96dc-a8e3df8dc2ca: Order must have minimum value of $10. asset=3,
2026-08-17T21:23:23.847Z,alert,,,,,,,,,Resize failed BTC 0129859f-b335-41c0-96dc-a8e3df8dc2ca: Order must have minimum value of $10. asset=3,
2026-08-17T21:23:43.997Z,alert,,,,,,,,,Resize failed BTC 0129859f-b335-41c0-96dc-a8e3df8dc2ca: Order must have minimum value of $10. asset=3,
2026-08-17T21:24:04.117Z,alert,,,,,,,,,Resize failed BTC 0129859f-b335-41c0-96dc-a8e3df8dc2ca: Order must have minimum value of $10. asset=3,
2026-08-17T21:24:24.239Z,alert,,,,,,,,,Resize failed BTC 0129859f-b335-41c0-96dc-a8e3df8dc2ca: Order must have minimum value of $10. asset=3,
2026-08-17T21:24:43.905Z,alert,,,,,,,,,Resize failed BTC 0129859f-b335-41c0-96dc-a8e3df8dc2ca: Order must have minimum value of $10. asset=3,
2026-08-17T21:25:04.307Z,alert,,,,,,,,,Resize failed BTC 0129859f-b335-41c0-96dc-a8e3df8dc2ca: Order must have minimum value of $10. asset=3,
2026-08-17T21:25:24.693Z,alert,,,,,,,,,Resize failed BTC 0129859f-b335-41c0-96dc-a8e3df8dc2ca: Order must have minimum value of $10. asset=3,
2026-08-17T21:25:44.196Z,alert,,,,,,,,,Resize failed BTC 0129859f-b335-41c0-96dc-a8e3df8dc2ca: Order must have minimum value of $10. asset=3,
2026-08-17T21:26:04.593Z,alert,,,,,,,,,Resize failed BTC 0129859f-b335-41c0-96dc-a8e3df8dc2ca: Order must have minimum value of $10. asset=3,
2026-08-17T21:26:24.742Z,alert,,,,,,,,,Resize failed BTC 0129859f-b335-41c0-96dc-a8e3df8dc2ca: Order must have minimum value of $10. asset=3,
2026-08-17T21:26:44.749Z,alert,,,,,,,,,Resize failed BTC 0129859f-b335-41c0-96dc-a8e3df8dc2ca: Order must have minimum value of $10. asset=3,
2026-08-17T21:27:04.815Z,alert,,,,,,,,,Resize failed BTC 0129859f-b335-41c0-96dc-a8e3df8dc2ca: Order must have minimum value of $10. asset=3,
2026-08-17T21:27:24.793Z,alert,,,,,,,,,Resize failed BTC 0129859f-b335-41c0-96dc-a8e3df8dc2ca: Order must have minimum value of $10. asset=3,
2026-08-17T21:27:44.519Z,alert,,,,,,,,,Resize failed BTC 0129859f-b335-41c0-96dc-a8e3df8dc2ca: Order must have minimum value of $10. asset=3,
2026-08-17T21:28:04.810Z,alert,,,,,,,,,Resize failed BTC 0129859f-b335-41c0-96dc-a8e3df8dc2ca: Order must have minimum value of $10. asset=3,
2026-08-17T21:28:24.606Z,alert,,,,,,,,,Resize failed BTC 0129859f-b335-41c0-96dc-a8e3df8dc2ca: Order must have minimum value of $10. asset=3,
2026-08-17T21:28:44.045Z,alert,,,,,,,,,Resize failed BTC 0129859f-b335-41c0-96dc-a8e3df8dc2ca: Order must have minimum value of $10. asset=3,
2026-08-17T21:29:04.052Z,alert,,,,,,,,,Resize failed BTC 0129859f-b335-41c0-96dc-a8e3df8dc2ca: Order must have minimum value of $10. asset=3,
2026-08-17T21:29:24.323Z,alert,,,,,,,,,Resize failed BTC 0129859f-b335-41c0-96dc-a8e3df8dc2ca: Order must have minimum value of $10. asset=3,
2026-08-17T21:29:44.259Z,alert,,,,,,,,,Resize failed BTC 0129859f-b335-41c0-96dc-a8e3df8dc2ca: Order must have minimum value of $10. asset=3,
2026-08-17T21:30:04.689Z,alert,,,,,,,,,Resize failed BTC 0129859f-b335-41c0-96dc-a8e3df8dc2ca: Order must have minimum value of $10. asset=3,
2026-08-17T21:30:24.511Z,alert,,,,,,,,,Resize failed BTC 0129859f-b335-41c0-96dc-a8e3df8dc2ca: Order must have minimum value of $10. asset=3,
2026-08-17T21:30:44.918Z,alert,,,,,,,,,Resize failed BTC 0129859f-b335-41c0-96dc-a8e3df8dc2ca: Order must have minimum value of $10. asset=3,
2026-08-17T21:31:05.339Z,alert,,,,,,,,,Resize failed BTC 0129859f-b335-41c0-96dc-a8e3df8dc2ca: Order must have minimum value of $10. asset=3,
2026-08-17T21:31:25.231Z,alert,,,,,,,,,Resize failed BTC 0129859f-b335-41c0-96dc-a8e3df8dc2ca: Order must have minimum value of $10. asset=3,
2026-08-17T21:31:44.930Z,alert,,,,,,,,,Resize failed BTC 0129859f-b335-41c0-96dc-a8e3df8dc2ca: Order must have minimum value of $10. asset=3,
2026-08-17T21:32:05.309Z,alert,,,,,,,,,Resize failed BTC 0129859f-b335-41c0-96dc-a8e3df8dc2ca: Order must have minimum value of $10. asset=3,
2026-08-17T21:32:25.218Z,alert,,,,,,,,,Resize failed BTC 0129859f-b335-41c0-96dc-a8e3df8dc2ca: Order must have minimum value of $10. asset=3,
2026-08-17T21:32:45.331Z,alert,,,,,,,,,Resize failed BTC 0129859f-b335-41c0-96dc-a8e3df8dc2ca: Order must have minimum value of $10. asset=3,
2026-08-17T21:33:05.288Z,alert,,,,,,,,,Resize failed BTC 0129859f-b335-41c0-96dc-a8e3df8dc2ca: Order must have minimum value of $10. asset=3,
2026-08-17T21:33:25.633Z,alert,,,,,,,,,Resize failed BTC 0129859f-b335-41c0-96dc-a8e3df8dc2ca: Order must have minimum value of $10. asset=3,
2026-08-17T21:33:45.441Z,alert,,,,,,,,,Resize failed BTC 0129859f-b335-41c0-96dc-a8e3df8dc2ca: Order must have minimum value of $10. asset=3,
2026-08-17T21:34:05.485Z,alert,,,,,,,,,Resize failed BTC 0129859f-b335-41c0-96dc-a8e3df8dc2ca: Order must have minimum value of $10. asset=3,
2026-08-17T21:34:25.822Z,alert,,,,,,,,,Resize failed BTC 0129859f-b335-41c0-96dc-a8e3df8dc2ca: Order must have minimum value of $10. asset=3,
2026-08-17T21:34:45.521Z,alert,,,,,,,,,Resize failed BTC 0129859f-b335-41c0-96dc-a8e3df8dc2ca: Order must have minimum value of $10. asset=3,
2026-08-17T21:35:05.386Z,alert,,,,,,,,,Resize failed BTC 0129859f-b335-41c0-96dc-a8e3df8dc2ca: Order must have minimum value of $10. asset=3,
2026-08-17T21:35:25.527Z,alert,,,,,,,,,Resize failed BTC 0129859f-b335-41c0-96dc-a8e3df8dc2ca: Order must have minimum value of $10. asset=3,
2026-08-17T21:35:44.856Z,alert,,,,,,,,,Resize failed BTC 0129859f-b335-41c0-96dc-a8e3df8dc2ca: Order must have minimum value of $10. asset=3,
2026-08-17T21:36:05.235Z,alert,,,,,,,,,Resize failed BTC 0129859f-b335-41c0-96dc-a8e3df8dc2ca: Order must have minimum value of $10. asset=3,
2026-08-17T21:36:25.207Z,alert,,,,,,,,,Resize failed BTC 0129859f-b335-41c0-96dc-a8e3df8dc2ca: Order must have minimum value of $10. asset=3,
2026-08-17T21:36:45.256Z,alert,,,,,,,,,Resize failed BTC 0129859f-b335-41c0-96dc-a8e3df8dc2ca: Order must have minimum value of $10. asset=3,
2026-08-17T21:37:05.234Z,alert,,,,,,,,,Resize failed BTC 0129859f-b335-41c0-96dc-a8e3df8dc2ca: Order must have minimum value of $10. asset=3,
2026-08-17T21:37:24.982Z,alert,,,,,,,,,Resize failed BTC 0129859f-b335-41c0-96dc-a8e3df8dc2ca: Order must have minimum value of $10. asset=3,
2026-08-17T21:37:44.927Z,alert,,,,,,,,,Resize failed BTC 0129859f-b335-41c0-96dc-a8e3df8dc2ca: Order must have minimum value of $10. asset=3,
2026-08-17T21:38:05.104Z,alert,,,,,,,,,Resize failed BTC 0129859f-b335-41c0-96dc-a8e3df8dc2ca: Order must have minimum value of $10. asset=3,
2026-08-17T21:38:25.488Z,alert,,,,,,,,,Resize failed BTC 0129859f-b335-41c0-96dc-a8e3df8dc2ca: Order must have minimum value of $10. asset=3,
2026-08-17T21:38:45.625Z,alert,,,,,,,,,Resize failed BTC 0129859f-b335-41c0-96dc-a8e3df8dc2ca: Order must have minimum value of $10. asset=3,
2026-08-17T21:39:05.352Z,alert,,,,,,,,,Resize failed BTC 0129859f-b335-41c0-96dc-a8e3df8dc2ca: Order must have minimum value of $10. asset=3,
2026-08-17T21:39:25.321Z,alert,,,,,,,,,Resize failed BTC 0129859f-b335-41c0-96dc-a8e3df8dc2ca: Order must have minimum value of $10. asset=3,
2026-08-17T21:39:45.440Z,alert,,,,,,,,,Resize failed BTC 0129859f-b335-41c0-96dc-a8e3df8dc2ca: Order must have minimum value of $10. asset=3,
2026-08-17T21:40:05.672Z,alert,,,,,,,,,Resize failed BTC 0129859f-b335-41c0-96dc-a8e3df8dc2ca: Order must have minimum value of $10. asset=3,
2026-08-17T21:40:25.679Z,alert,,,,,,,,,Resize failed BTC 0129859f-b335-41c0-96dc-a8e3df8dc2ca: Order must have minimum value of $10. asset=3,
2026-08-17T21:40:45.790Z,alert,,,,,,,,,Resize failed BTC 0129859f-b335-41c0-96dc-a8e3df8dc2ca: Order must have minimum value of $10. asset=3,
2026-08-17T21:41:05.800Z,alert,,,,,,,,,Resize failed BTC 0129859f-b335-41c0-96dc-a8e3df8dc2ca: Order must have minimum value of $10. asset=3,
2026-08-17T21:41:25.778Z,alert,,,,,,,,,Resize failed BTC 0129859f-b335-41c0-96dc-a8e3df8dc2ca: Order must have minimum value of $10. asset=3,
2026-08-17T21:41:45.866Z,alert,,,,,,,,,Resize failed BTC 0129859f-b335-41c0-96dc-a8e3df8dc2ca: Order must have minimum value of $10. asset=3,
2026-08-17T21:42:06.121Z,alert,,,,,,,,,Resize failed BTC 0129859f-b335-41c0-96dc-a8e3df8dc2ca: Order must have minimum value of $10. asset=3,
2026-08-17T21:42:26.200Z,alert,,,,,,,,,Resize failed BTC 0129859f-b335-41c0-96dc-a8e3df8dc2ca: Order must have minimum value of $10. asset=3,
2026-08-17T21:42:46.350Z,alert,,,,,,,,,Resize failed BTC 0129859f-b335-41c0-96dc-a8e3df8dc2ca: Order must have minimum value of $10. asset=3,
2026-08-17T21:43:06.684Z,alert,,,,,,,,,Resize failed BTC 0129859f-b335-41c0-96dc-a8e3df8dc2ca: Order must have minimum value of $10. asset=3,
2026-08-17T21:43:27.117Z,alert,,,,,,,,,Resize failed BTC 0129859f-b335-41c0-96dc-a8e3df8dc2ca: Order must have minimum value of $10. asset=3,
2026-08-17T21:43:47.957Z,alert,,,,,,,,,Resize failed BTC 0129859f-b335-41c0-96dc-a8e3df8dc2ca: Order must have minimum value of $10. asset=3,
2026-08-17T21:44:08.035Z,alert,,,,,,,,,Resize failed BTC 0129859f-b335-41c0-96dc-a8e3df8dc2ca: Order must have minimum value of $10. asset=3,
2026-08-17T21:44:27.614Z,alert,,,,,,,,,Resize failed BTC 0129859f-b335-41c0-96dc-a8e3df8dc2ca: Order must have minimum value of $10. asset=3,
2026-08-17T21:44:47.942Z,alert,,,,,,,,,Resize failed BTC 0129859f-b335-41c0-96dc-a8e3df8dc2ca: Order must have minimum value of $10. asset=3,
2026-08-17T21:45:08.097Z,alert,,,,,,,,,Resize failed BTC 0129859f-b335-41c0-96dc-a8e3df8dc2ca: Order must have minimum value of $10. asset=3,
2026-08-17T21:45:28.468Z,alert,,,,,,,,,Resize failed BTC 0129859f-b335-41c0-96dc-a8e3df8dc2ca: Order must have minimum value of $10. asset=3,
2026-08-17T21:45:48.397Z,alert,,,,,,,,,Resize failed BTC 0129859f-b335-41c0-96dc-a8e3df8dc2ca: Order must have minimum value of $10. asset=3,
2026-08-17T21:46:08.615Z,alert,,,,,,,,,Resize failed BTC 0129859f-b335-41c0-96dc-a8e3df8dc2ca: Order must have minimum value of $10. asset=3,
2026-08-17T21:46:29.009Z,alert,,,,,,,,,Resize failed BTC 0129859f-b335-41c0-96dc-a8e3df8dc2ca: Order must have minimum value of $10. asset=3,
2026-08-17T21:46:49.742Z,alert,,,,,,,,,Resize failed BTC 0129859f-b335-41c0-96dc-a8e3df8dc2ca: Order must have minimum value of $10. asset=3,
2026-08-17T21:47:09.545Z,alert,,,,,,,,,Resize failed BTC 0129859f-b335-41c0-96dc-a8e3df8dc2ca: Order must have minimum value of $10. asset=3,
2026-08-17T21:47:29.459Z,alert,,,,,,,,,Resize failed BTC 0129859f-b335-41c0-96dc-a8e3df8dc2ca: Order must have minimum value of $10. asset=3,
2026-08-17T21:47:50.006Z,alert,,,,,,,,,Resize failed BTC 0129859f-b335-41c0-96dc-a8e3df8dc2ca: Order must have minimum value of $10. asset=3,
2026-08-17T21:48:10.150Z,alert,,,,,,,,,Resize failed BTC 0129859f-b335-41c0-96dc-a8e3df8dc2ca: Order must have minimum value of $10. asset=3,
2026-08-17T21:48:29.853Z,alert,,,,,,,,,Resize failed BTC 0129859f-b335-41c0-96dc-a8e3df8dc2ca: Order must have minimum value of $10. asset=3,
2026-08-17T21:48:50.384Z,alert,,,,,,,,,Resize failed BTC 0129859f-b335-41c0-96dc-a8e3df8dc2ca: Order must have minimum value of $10. asset=3,
2026-08-17T21:49:10.085Z,alert,,,,,,,,,Resize failed BTC 0129859f-b335-41c0-96dc-a8e3df8dc2ca: Order must have minimum value of $10. asset=3,
2026-08-17T21:49:30.766Z,alert,,,,,,,,,Resize failed BTC 0129859f-b335-41c0-96dc-a8e3df8dc2ca: Order must have minimum value of $10. asset=3,
2026-08-17T21:49:51.294Z,alert,,,,,,,,,Resize failed BTC 0129859f-b335-41c0-96dc-a8e3df8dc2ca: Order must have minimum value of $10. asset=3,
2026-08-17T21:50:11.693Z,alert,,,,,,,,,Resize failed BTC 0129859f-b335-41c0-96dc-a8e3df8dc2ca: Order must have minimum value of $10. asset=3,
2026-08-17T21:50:31.965Z,alert,,,,,,,,,Resize failed BTC 0129859f-b335-41c0-96dc-a8e3df8dc2ca: Order must have minimum value of $10. asset=3,
2026-08-17T21:50:52.320Z,alert,,,,,,,,,Resize failed BTC 0129859f-b335-41c0-96dc-a8e3df8dc2ca: Order must have minimum value of $10. asset=3,
2026-08-17T21:51:12.348Z,alert,,,,,,,,,Resize failed BTC 0129859f-b335-41c0-96dc-a8e3df8dc2ca: Order must have minimum value of $10. asset=3,
2026-08-17T21:51:32.458Z,alert,,,,,,,,,Resize failed BTC 0129859f-b335-41c0-96dc-a8e3df8dc2ca: Order must have minimum value of $10. asset=3,
2026-08-17T21:51:52.138Z,alert,,,,,,,,,Resize failed BTC 0129859f-b335-41c0-96dc-a8e3df8dc2ca: Order must have minimum value of $10. asset=3,
2026-08-17T21:52:12.540Z,alert,,,,,,,,,Resize failed BTC 0129859f-b335-41c0-96dc-a8e3df8dc2ca: Order must have minimum value of $10. asset=3,
2026-08-17T21:52:32.983Z,alert,,,,,,,,,Resize failed BTC 0129859f-b335-41c0-96dc-a8e3df8dc2ca: Order must have minimum value of $10. asset=3,
2026-08-17T21:52:53.157Z,alert,,,,,,,,,Resize failed BTC 0129859f-b335-41c0-96dc-a8e3df8dc2ca: Order must have minimum value of $10. asset=3,
2026-08-17T21:53:13.250Z,alert,,,,,,,,,Resize failed BTC 0129859f-b335-41c0-96dc-a8e3df8dc2ca: Order must have minimum value of $10. asset=3,
2026-08-17T21:53:33.333Z,alert,,,,,,,,,Resize failed BTC 0129859f-b335-41c0-96dc-a8e3df8dc2ca: Order must have minimum value of $10. asset=3,
2026-08-17T21:53:53.290Z,alert,,,,,,,,,Resize failed BTC 0129859f-b335-41c0-96dc-a8e3df8dc2ca: Order must have minimum value of $10. asset=3,
2026-08-17T21:54:13.495Z,alert,,,,,,,,,Resize failed BTC 0129859f-b335-41c0-96dc-a8e3df8dc2ca: Order must have minimum value of $10. asset=3,
2026-08-17T21:54:33.359Z,alert,,,,,,,,,Resize failed BTC 0129859f-b335-41c0-96dc-a8e3df8dc2ca: Order must have minimum value of $10. asset=3,
2026-08-17T21:54:54.178Z,alert,,,,,,,,,Resize failed BTC 0129859f-b335-41c0-96dc-a8e3df8dc2ca: Order must have minimum value of $10. asset=3,
2026-08-17T21:55:14.271Z,alert,,,,,,,,,Resize failed BTC 0129859f-b335-41c0-96dc-a8e3df8dc2ca: Order must have minimum value of $10. asset=3,
2026-08-17T21:55:34.443Z,alert,,,,,,,,,Resize failed BTC 0129859f-b335-41c0-96dc-a8e3df8dc2ca: Order must have minimum value of $10. asset=3,
2026-08-17T21:55:55.129Z,alert,,,,,,,,,Resize failed BTC 0129859f-b335-41c0-96dc-a8e3df8dc2ca: Order must have minimum value of $10. asset=3,
2026-08-17T21:56:15.357Z,alert,,,,,,,,,Resize failed BTC 0129859f-b335-41c0-96dc-a8e3df8dc2ca: Order must have minimum value of $10. asset=3,
2026-08-17T21:56:35.768Z,alert,,,,,,,,,Resize failed BTC 0129859f-b335-41c0-96dc-a8e3df8dc2ca: Order must have minimum value of $10. asset=3,
2026-08-17T21:56:55.602Z,alert,,,,,,,,,Resize failed BTC 0129859f-b335-41c0-96dc-a8e3df8dc2ca: Order must have minimum value of $10. asset=3,
2026-08-17T21:57:15.727Z,alert,,,,,,,,,Resize failed BTC 0129859f-b335-41c0-96dc-a8e3df8dc2ca: Order must have minimum value of $10. asset=3,
2026-08-17T21:57:36.394Z,alert,,,,,,,,,Resize failed BTC 0129859f-b335-41c0-96dc-a8e3df8dc2ca: Order must have minimum value of $10. asset=3,
2026-08-17T21:57:56.468Z,alert,,,,,,,,,Resize failed BTC 0129859f-b335-41c0-96dc-a8e3df8dc2ca: Order must have minimum value of $10. asset=3,
2026-08-17T21:58:16.461Z,alert,,,,,,,,,Resize failed BTC 0129859f-b335-41c0-96dc-a8e3df8dc2ca: Order must have minimum value of $10. asset=3,
2026-08-17T21:58:36.854Z,alert,,,,,,,,,Resize failed BTC 0129859f-b335-41c0-96dc-a8e3df8dc2ca: Order must have minimum value of $10. asset=3,
2026-08-17T21:58:57.165Z,alert,,,,,,,,,Resize failed BTC 0129859f-b335-41c0-96dc-a8e3df8dc2ca: Order must have minimum value of $10. asset=3,
2026-08-17T21:59:17.380Z,alert,,,,,,,,,Resize failed BTC 0129859f-b335-41c0-96dc-a8e3df8dc2ca: Order must have minimum value of $10. asset=3,
2026-08-17T21:59:36.956Z,alert,,,,,,,,,Resize failed BTC 0129859f-b335-41c0-96dc-a8e3df8dc2ca: Order must have minimum value of $10. asset=3,
2026-08-17T21:59:57.338Z,alert,,,,,,,,,Resize failed BTC 0129859f-b335-41c0-96dc-a8e3df8dc2ca: Order must have minimum value of $10. asset=3,
2026-08-17T22:00:17.934Z,alert,,,,,,,,,Resize failed BTC 0129859f-b335-41c0-96dc-a8e3df8dc2ca: Order must have minimum value of $10. asset=3,
2026-08-17T22:00:38.117Z,alert,,,,,,,,,Resize failed BTC 0129859f-b335-41c0-96dc-a8e3df8dc2ca: Order must have minimum value of $10. asset=3,
2026-08-17T22:00:58.596Z,alert,,,,,,,,,Resize failed BTC 0129859f-b335-41c0-96dc-a8e3df8dc2ca: Order must have minimum value of $10. asset=3,
2026-08-17T22:01:18.998Z,alert,,,,,,,,,Resize failed BTC 0129859f-b335-41c0-96dc-a8e3df8dc2ca: Order must have minimum value of $10. asset=3,
2026-08-17T22:01:39.420Z,alert,,,,,,,,,Resize failed BTC 0129859f-b335-41c0-96dc-a8e3df8dc2ca: Order must have minimum value of $10. asset=3,
2026-08-17T22:01:59.161Z,alert,,,,,,,,,Resize failed BTC 0129859f-b335-41c0-96dc-a8e3df8dc2ca: Order must have minimum value of $10. asset=3,
2026-08-17T22:02:19.645Z,alert,,,,,,,,,Resize failed BTC 0129859f-b335-41c0-96dc-a8e3df8dc2ca: Order must have minimum value of $10. asset=3,
2026-08-17T22:02:39.842Z,alert,,,,,,,,,Resize failed BTC 0129859f-b335-41c0-96dc-a8e3df8dc2ca: Order must have minimum value of $10. asset=3,
2026-08-17T22:02:59.307Z,alert,,,,,,,,,Resize failed BTC 0129859f-b335-41c0-96dc-a8e3df8dc2ca: Order must have minimum value of $10. asset=3,
2026-08-17T22:03:19.007Z,alert,,,,,,,,,Resize failed BTC 0129859f-b335-41c0-96dc-a8e3df8dc2ca: Order must have minimum value of $10. asset=3,
2026-08-17T22:03:39.213Z,alert,,,,,,,,,Resize failed BTC 0129859f-b335-41c0-96dc-a8e3df8dc2ca: Order must have minimum value of $10. asset=3,
2026-08-17T22:03:59.550Z,alert,,,,,,,,,Resize failed BTC 0129859f-b335-41c0-96dc-a8e3df8dc2ca: Order must have minimum value of $10. asset=3,
2026-08-17T22:04:19.638Z,alert,,,,,,,,,Resize failed BTC 0129859f-b335-41c0-96dc-a8e3df8dc2ca: Order must have minimum value of $10. asset=3,
2026-08-17T22:04:39.498Z,alert,,,,,,,,,Resize failed BTC 0129859f-b335-41c0-96dc-a8e3df8dc2ca: Order must have minimum value of $10. asset=3,
2026-08-17T22:04:59.668Z,alert,,,,,,,,,Resize failed BTC 0129859f-b335-41c0-96dc-a8e3df8dc2ca: Order must have minimum value of $10. asset=3,
2026-08-17T22:05:19.880Z,alert,,,,,,,,,Resize failed BTC 0129859f-b335-41c0-96dc-a8e3df8dc2ca: Order must have minimum value of $10. asset=3,
2026-08-17T22:05:40.302Z,alert,,,,,,,,,Resize failed BTC 0129859f-b335-41c0-96dc-a8e3df8dc2ca: Order must have minimum value of $10. asset=3,
2026-08-17T22:06:01.088Z,alert,,,,,,,,,Resize failed BTC 0129859f-b335-41c0-96dc-a8e3df8dc2ca: Order must have minimum value of $10. asset=3,
2026-08-17T22:06:21.035Z,alert,,,,,,,,,Resize failed BTC 0129859f-b335-41c0-96dc-a8e3df8dc2ca: Order must have minimum value of $10. asset=3,
2026-08-17T22:06:41.508Z,alert,,,,,,,,,Resize failed BTC 0129859f-b335-41c0-96dc-a8e3df8dc2ca: Order must have minimum value of $10. asset=3,
2026-08-17T22:07:02.038Z,alert,,,,,,,,,Resize failed BTC 0129859f-b335-41c0-96dc-a8e3df8dc2ca: Order must have minimum value of $10. asset=3,
2026-08-17T22:07:21.838Z,alert,,,,,,,,,Resize failed BTC 0129859f-b335-41c0-96dc-a8e3df8dc2ca: Order must have minimum value of $10. asset=3,
2026-08-17T22:07:42.064Z,alert,,,,,,,,,Resize failed BTC 0129859f-b335-41c0-96dc-a8e3df8dc2ca: Order must have minimum value of $10. asset=3,
2026-08-17T22:08:02.727Z,alert,,,,,,,,,Resize failed BTC 0129859f-b335-41c0-96dc-a8e3df8dc2ca: Order must have minimum value of $10. asset=3,
2026-08-17T22:08:23.013Z,alert,,,,,,,,,Resize failed BTC 0129859f-b335-41c0-96dc-a8e3df8dc2ca: Order must have minimum value of $10. asset=3,
2026-08-17T22:08:43.521Z,alert,,,,,,,,,Resize failed BTC 0129859f-b335-41c0-96dc-a8e3df8dc2ca: Order must have minimum value of $10. asset=3,
2026-08-17T22:09:03.256Z,alert,,,,,,,,,Resize failed BTC 0129859f-b335-41c0-96dc-a8e3df8dc2ca: Order must have minimum value of $10. asset=3,
2026-08-17T22:09:23.311Z,alert,,,,,,,,,Resize failed BTC 0129859f-b335-41c0-96dc-a8e3df8dc2ca: Order must have minimum value of $10. asset=3,
2026-08-17T22:09:43.321Z,alert,,,,,,,,,Resize failed BTC 0129859f-b335-41c0-96dc-a8e3df8dc2ca: Order must have minimum value of $10. asset=3,
2026-08-17T22:10:03.740Z,alert,,,,,,,,,Resize failed BTC 0129859f-b335-41c0-96dc-a8e3df8dc2ca: Order must have minimum value of $10. asset=3,
2026-08-17T22:10:23.724Z,alert,,,,,,,,,Resize failed BTC 0129859f-b335-41c0-96dc-a8e3df8dc2ca: Order must have minimum value of $10. asset=3,
2026-08-17T22:10:44.048Z,alert,,,,,,,,,Resize failed BTC 0129859f-b335-41c0-96dc-a8e3df8dc2ca: Order must have minimum value of $10. asset=3,
2026-08-17T22:11:04.201Z,alert,,,,,,,,,Resize failed BTC 0129859f-b335-41c0-96dc-a8e3df8dc2ca: Order must have minimum value of $10. asset=3,
2026-08-17T22:11:24.310Z,alert,,,,,,,,,Resize failed BTC 0129859f-b335-41c0-96dc-a8e3df8dc2ca: Order must have minimum value of $10. asset=3,
2026-08-17T22:11:44.489Z,alert,,,,,,,,,Resize failed BTC 0129859f-b335-41c0-96dc-a8e3df8dc2ca: Order must have minimum value of $10. asset=3,
2026-08-17T22:12:04.549Z,alert,,,,,,,,,Resize failed BTC 0129859f-b335-41c0-96dc-a8e3df8dc2ca: Order must have minimum value of $10. asset=3,
2026-08-17T22:12:24.493Z,alert,,,,,,,,,Resize failed BTC 0129859f-b335-41c0-96dc-a8e3df8dc2ca: Order must have minimum value of $10. asset=3,
2026-08-17T22:12:43.693Z,alert,,,,,,,,,Resize failed BTC 0129859f-b335-41c0-96dc-a8e3df8dc2ca: Order must have minimum value of $10. asset=3,
2026-08-17T22:13:03.925Z,alert,,,,,,,,,Resize failed BTC 0129859f-b335-41c0-96dc-a8e3df8dc2ca: Order must have minimum value of $10. asset=3,
2026-08-17T22:13:24.122Z,alert,,,,,,,,,Resize failed BTC 0129859f-b335-41c0-96dc-a8e3df8dc2ca: Order must have minimum value of $10. asset=3,
2026-08-17T22:13:43.988Z,alert,,,,,,,,,Resize failed BTC 0129859f-b335-41c0-96dc-a8e3df8dc2ca: Order must have minimum value of $10. asset=3,
2026-08-17T22:14:04.174Z,alert,,,,,,,,,Resize failed BTC 0129859f-b335-41c0-96dc-a8e3df8dc2ca: Order must have minimum value of $10. asset=3,
2026-08-17T22:14:24.462Z,alert,,,,,,,,,Resize failed BTC 0129859f-b335-41c0-96dc-a8e3df8dc2ca: Order must have minimum value of $10. asset=3,
2026-08-17T22:14:44.181Z,alert,,,,,,,,,Resize failed BTC 0129859f-b335-41c0-96dc-a8e3df8dc2ca: Order must have minimum value of $10. asset=3,
2026-08-17T22:15:04.536Z,alert,,,,,,,,,Resize failed BTC 0129859f-b335-41c0-96dc-a8e3df8dc2ca: Order must have minimum value of $10. asset=3,
2026-08-17T22:15:24.462Z,alert,,,,,,,,,Resize failed BTC 0129859f-b335-41c0-96dc-a8e3df8dc2ca: Order must have minimum value of $10. asset=3,
2026-08-17T22:15:44.296Z,alert,,,,,,,,,Resize failed BTC 0129859f-b335-41c0-96dc-a8e3df8dc2ca: Order must have minimum value of $10. asset=3,
2026-08-17T22:16:04.517Z,alert,,,,,,,,,Resize failed BTC 0129859f-b335-41c0-96dc-a8e3df8dc2ca: Order must have minimum value of $10. asset=3,
2026-08-17T22:16:24.268Z,alert,,,,,,,,,Resize failed BTC 0129859f-b335-41c0-96dc-a8e3df8dc2ca: Order must have minimum value of $10. asset=3,
2026-08-17T22:16:44.096Z,alert,,,,,,,,,Resize failed BTC 0129859f-b335-41c0-96dc-a8e3df8dc2ca: Order must have minimum value of $10. asset=3,
2026-08-17T22:17:04.375Z,alert,,,,,,,,,Resize failed BTC 0129859f-b335-41c0-96dc-a8e3df8dc2ca: Order must have minimum value of $10. asset=3,
2026-08-17T22:17:24.883Z,alert,,,,,,,,,Resize failed BTC 0129859f-b335-41c0-96dc-a8e3df8dc2ca: Order must have minimum value of $10. asset=3,
2026-08-17T22:17:44.896Z,alert,,,,,,,,,Resize failed BTC 0129859f-b335-41c0-96dc-a8e3df8dc2ca: Order must have minimum value of $10. asset=3,
2026-08-17T22:18:05.273Z,alert,,,,,,,,,Resize failed BTC 0129859f-b335-41c0-96dc-a8e3df8dc2ca: Order must have minimum value of $10. asset=3,
2026-08-17T22:18:25.331Z,alert,,,,,,,,,Resize failed BTC 0129859f-b335-41c0-96dc-a8e3df8dc2ca: Order must have minimum value of $10. asset=3,
2026-08-17T22:18:45.742Z,alert,,,,,,,,,Resize failed BTC 0129859f-b335-41c0-96dc-a8e3df8dc2ca: Order must have minimum value of $10. asset=3,
2026-08-17T22:19:06.493Z,alert,,,,,,,,,Resize failed BTC 0129859f-b335-41c0-96dc-a8e3df8dc2ca: Order must have minimum value of $10. asset=3,
2026-08-17T22:19:26.670Z,alert,,,,,,,,,Resize failed BTC 0129859f-b335-41c0-96dc-a8e3df8dc2ca: Order must have minimum value of $10. asset=3,
2026-08-17T22:19:47.276Z,alert,,,,,,,,,Resize failed BTC 0129859f-b335-41c0-96dc-a8e3df8dc2ca: Order must have minimum value of $10. asset=3,
2026-08-17T22:20:07.609Z,alert,,,,,,,,,Resize failed BTC 0129859f-b335-41c0-96dc-a8e3df8dc2ca: Order must have minimum value of $10. asset=3,
2026-08-17T22:20:28.338Z,alert,,,,,,,,,Resize failed BTC 0129859f-b335-41c0-96dc-a8e3df8dc2ca: Order must have minimum value of $10. asset=3,
2026-08-17T22:20:48.496Z,alert,,,,,,,,,Resize failed BTC 0129859f-b335-41c0-96dc-a8e3df8dc2ca: Order must have minimum value of $10. asset=3,
2026-08-17T22:21:08.680Z,alert,,,,,,,,,Resize failed BTC 0129859f-b335-41c0-96dc-a8e3df8dc2ca: Order must have minimum value of $10. asset=3,
2026-08-17T22:21:29.202Z,alert,,,,,,,,,Resize failed BTC 0129859f-b335-41c0-96dc-a8e3df8dc2ca: Order must have minimum value of $10. asset=3,
2026-08-17T22:21:49.220Z,alert,,,,,,,,,Resize failed BTC 0129859f-b335-41c0-96dc-a8e3df8dc2ca: Order must have minimum value of $10. asset=3,
2026-08-17T22:22:09.575Z,alert,,,,,,,,,Resize failed BTC 0129859f-b335-41c0-96dc-a8e3df8dc2ca: Order must have minimum value of $10. asset=3,
2026-08-17T22:22:29.716Z,alert,,,,,,,,,Resize failed BTC 0129859f-b335-41c0-96dc-a8e3df8dc2ca: Order must have minimum value of $10. asset=3,
2026-08-17T22:22:49.797Z,alert,,,,,,,,,Resize failed BTC 0129859f-b335-41c0-96dc-a8e3df8dc2ca: Order must have minimum value of $10. asset=3,
2026-08-17T22:23:10.251Z,alert,,,,,,,,,Resize failed BTC 0129859f-b335-41c0-96dc-a8e3df8dc2ca: Order must have minimum value of $10. asset=3,
2026-08-17T22:23:30.534Z,alert,,,,,,,,,Resize failed BTC 0129859f-b335-41c0-96dc-a8e3df8dc2ca: Order must have minimum value of $10. asset=3,
2026-08-17T22:23:50.771Z,alert,,,,,,,,,Resize failed BTC 0129859f-b335-41c0-96dc-a8e3df8dc2ca: Order must have minimum value of $10. asset=3,
2026-08-17T22:24:10.863Z,alert,,,,,,,,,Resize failed BTC 0129859f-b335-41c0-96dc-a8e3df8dc2ca: Order must have minimum value of $10. asset=3,
2026-08-17T22:24:31.359Z,alert,,,,,,,,,Resize failed BTC 0129859f-b335-41c0-96dc-a8e3df8dc2ca: Order must have minimum value of $10. asset=3,
2026-08-17T22:24:51.449Z,alert,,,,,,,,,Resize failed BTC 0129859f-b335-41c0-96dc-a8e3df8dc2ca: Order must have minimum value of $10. asset=3,
2026-08-17T22:25:11.420Z,alert,,,,,,,,,Resize failed BTC 0129859f-b335-41c0-96dc-a8e3df8dc2ca: Order must have minimum value of $10. asset=3,
2026-08-17T22:25:31.443Z,alert,,,,,,,,,Resize failed BTC 0129859f-b335-41c0-96dc-a8e3df8dc2ca: Order must have minimum value of $10. asset=3,
2026-08-17T22:25:51.409Z,alert,,,,,,,,,Resize failed BTC 0129859f-b335-41c0-96dc-a8e3df8dc2ca: Order must have minimum value of $10. asset=3,
2026-08-17T22:26:11.498Z,alert,,,,,,,,,Resize failed BTC 0129859f-b335-41c0-96dc-a8e3df8dc2ca: Order must have minimum value of $10. asset=3,
2026-08-17T22:26:31.373Z,alert,,,,,,,,,Resize failed BTC 0129859f-b335-41c0-96dc-a8e3df8dc2ca: Order must have minimum value of $10. asset=3,
2026-08-17T22:26:51.366Z,alert,,,,,,,,,Resize failed BTC 0129859f-b335-41c0-96dc-a8e3df8dc2ca: Order must have minimum value of $10. asset=3,
2026-08-17T22:27:11.178Z,alert,,,,,,,,,Resize failed BTC 0129859f-b335-41c0-96dc-a8e3df8dc2ca: Order must have minimum value of $10. asset=3,
2026-08-17T22:27:30.842Z,alert,,,,,,,,,Resize failed BTC 0129859f-b335-41c0-96dc-a8e3df8dc2ca: Order must have minimum value of $10. asset=3,
2026-08-17T22:27:50.670Z,alert,,,,,,,,,Resize failed BTC 0129859f-b335-41c0-96dc-a8e3df8dc2ca: Order must have minimum value of $10. asset=3,
2026-08-17T22:28:11.231Z,alert,,,,,,,,,Resize failed BTC 0129859f-b335-41c0-96dc-a8e3df8dc2ca: Order must have minimum value of $10. asset=3,
2026-08-17T22:28:31.178Z,alert,,,,,,,,,Resize failed BTC 0129859f-b335-41c0-96dc-a8e3df8dc2ca: Order must have minimum value of $10. asset=3,
2026-08-17T22:28:51.106Z,alert,,,,,,,,,Resize failed BTC 0129859f-b335-41c0-96dc-a8e3df8dc2ca: Order must have minimum value of $10. asset=3,
2026-08-17T22:29:11.400Z,alert,,,,,,,,,Resize failed BTC 0129859f-b335-41c0-96dc-a8e3df8dc2ca: Order must have minimum value of $10. asset=3,
2026-08-17T22:29:31.917Z,alert,,,,,,,,,Resize failed BTC 0129859f-b335-41c0-96dc-a8e3df8dc2ca: Order must have minimum value of $10. asset=3,
2026-08-17T22:29:52.329Z,alert,,,,,,,,,Resize failed BTC 0129859f-b335-41c0-96dc-a8e3df8dc2ca: Order must have minimum value of $10. asset=3,
2026-08-17T22:30:12.568Z,alert,,,,,,,,,Resize failed BTC 0129859f-b335-41c0-96dc-a8e3df8dc2ca: Order must have minimum value of $10. asset=3,
2026-08-17T22:30:33.289Z,alert,,,,,,,,,Resize failed BTC 0129859f-b335-41c0-96dc-a8e3df8dc2ca: Order must have minimum value of $10. asset=3,
2026-08-17T22:30:53.888Z,alert,,,,,,,,,Resize failed BTC 0129859f-b335-41c0-96dc-a8e3df8dc2ca: Order must have minimum value of $10. asset=3,
2026-08-17T22:31:14.360Z,alert,,,,,,,,,Resize failed BTC 0129859f-b335-41c0-96dc-a8e3df8dc2ca: Order must have minimum value of $10. asset=3,
2026-08-17T22:31:34.737Z,alert,,,,,,,,,Resize failed BTC 0129859f-b335-41c0-96dc-a8e3df8dc2ca: Order must have minimum value of $10. asset=3,
2026-08-17T22:31:55.130Z,alert,,,,,,,,,Resize failed BTC 0129859f-b335-41c0-96dc-a8e3df8dc2ca: Order must have minimum value of $10. asset=3,
2026-08-17T22:32:15.902Z,alert,,,,,,,,,Resize failed BTC 0129859f-b335-41c0-96dc-a8e3df8dc2ca: Order must have minimum value of $10. asset=3,
2026-08-17T22:32:36.201Z,alert,,,,,,,,,Resize failed BTC 0129859f-b335-41c0-96dc-a8e3df8dc2ca: Order must have minimum value of $10. asset=3,
2026-08-17T22:32:57.049Z,alert,,,,,,,,,Resize failed BTC 0129859f-b335-41c0-96dc-a8e3df8dc2ca: Order must have minimum value of $10. asset=3,
2026-08-17T22:33:17.277Z,alert,,,,,,,,,Resize failed BTC 0129859f-b335-41c0-96dc-a8e3df8dc2ca: Order must have minimum value of $10. asset=3,
2026-08-17T22:33:37.347Z,alert,,,,,,,,,Resize failed BTC 0129859f-b335-41c0-96dc-a8e3df8dc2ca: Order must have minimum value of $10. asset=3,
2026-08-17T22:33:57.875Z,alert,,,,,,,,,Resize failed BTC 0129859f-b335-41c0-96dc-a8e3df8dc2ca: Order must have minimum value of $10. asset=3,
2026-08-17T22:34:18.752Z,alert,,,,,,,,,Resize failed BTC 0129859f-b335-41c0-96dc-a8e3df8dc2ca: Order must have minimum value of $10. asset=3,
2026-08-17T22:34:39.207Z,alert,,,,,,,,,Resize failed BTC 0129859f-b335-41c0-96dc-a8e3df8dc2ca: Order must have minimum value of $10. asset=3,
2026-08-17T22:34:59.470Z,alert,,,,,,,,,Resize failed BTC 0129859f-b335-41c0-96dc-a8e3df8dc2ca: Order must have minimum value of $10. asset=3,
2026-08-17T22:35:20.139Z,alert,,,,,,,,,Resize failed BTC 0129859f-b335-41c0-96dc-a8e3df8dc2ca: Order must have minimum value of $10. asset=3,
2026-08-17T22:35:40.212Z,alert,,,,,,,,,Resize failed BTC 0129859f-b335-41c0-96dc-a8e3df8dc2ca: Order must have minimum value of $10. asset=3,
2026-08-17T22:36:01.170Z,alert,,,,,,,,,Resize failed BTC 0129859f-b335-41c0-96dc-a8e3df8dc2ca: Order must have minimum value of $10. asset=3,
2026-08-17T22:36:21.587Z,alert,,,,,,,,,Resize failed BTC 0129859f-b335-41c0-96dc-a8e3df8dc2ca: Order must have minimum value of $10. asset=3,
2026-08-17T22:36:41.675Z,alert,,,,,,,,,Resize failed BTC 0129859f-b335-41c0-96dc-a8e3df8dc2ca: Order must have minimum value of $10. asset=3,
2026-08-17T22:37:01.781Z,alert,,,,,,,,,Resize failed BTC 0129859f-b335-41c0-96dc-a8e3df8dc2ca: Order must have minimum value of $10. asset=3,
2026-08-17T22:37:22.067Z,alert,,,,,,,,,Resize failed BTC 0129859f-b335-41c0-96dc-a8e3df8dc2ca: Order must have minimum value of $10. asset=3,
2026-08-17T22:37:42.049Z,alert,,,,,,,,,Resize failed BTC 0129859f-b335-41c0-96dc-a8e3df8dc2ca: Order must have minimum value of $10. asset=3,
2026-08-17T22:38:02.186Z,alert,,,,,,,,,Resize failed BTC 0129859f-b335-41c0-96dc-a8e3df8dc2ca: Order must have minimum value of $10. asset=3,
2026-08-17T22:38:22.380Z,alert,,,,,,,,,Resize failed BTC 0129859f-b335-41c0-96dc-a8e3df8dc2ca: Order must have minimum value of $10. asset=3,
2026-08-17T22:38:42.693Z,alert,,,,,,,,,Resize failed BTC 0129859f-b335-41c0-96dc-a8e3df8dc2ca: Order must have minimum value of $10. asset=3,
2026-08-17T22:39:02.983Z,alert,,,,,,,,,Resize failed BTC 0129859f-b335-41c0-96dc-a8e3df8dc2ca: Order must have minimum value of $10. asset=3,
2026-08-17T22:39:23.643Z,alert,,,,,,,,,Resize failed BTC 0129859f-b335-41c0-96dc-a8e3df8dc2ca: Order must have minimum value of $10. asset=3,
2026-08-17T22:39:43.819Z,alert,,,,,,,,,Resize failed BTC 0129859f-b335-41c0-96dc-a8e3df8dc2ca: Order must have minimum value of $10. asset=3,
2026-08-17T22:40:03.740Z,alert,,,,,,,,,Resize failed BTC 0129859f-b335-41c0-96dc-a8e3df8dc2ca: Order must have minimum value of $10. asset=3,
2026-08-17T22:40:23.682Z,alert,,,,,,,,,Resize failed BTC 0129859f-b335-41c0-96dc-a8e3df8dc2ca: Order must have minimum value of $10. asset=3,
2026-08-17T22:40:43.585Z,alert,,,,,,,,,Resize failed BTC 0129859f-b335-41c0-96dc-a8e3df8dc2ca: Order must have minimum value of $10. asset=3,
2026-08-17T22:41:03.537Z,alert,,,,,,,,,Resize failed BTC 0129859f-b335-41c0-96dc-a8e3df8dc2ca: Order must have minimum value of $10. asset=3,
2026-08-17T22:41:24.087Z,alert,,,,,,,,,Resize failed BTC 0129859f-b335-41c0-96dc-a8e3df8dc2ca: Order must have minimum value of $10. asset=3,
2026-08-17T22:41:44.425Z,alert,,,,,,,,,Resize failed BTC 0129859f-b335-41c0-96dc-a8e3df8dc2ca: Order must have minimum value of $10. asset=3,
2026-08-17T22:42:04.874Z,alert,,,,,,,,,Resize failed BTC 0129859f-b335-41c0-96dc-a8e3df8dc2ca: Order must have minimum value of $10. asset=3,
2026-08-17T22:42:25.071Z,alert,,,,,,,,,Resize failed BTC 0129859f-b335-41c0-96dc-a8e3df8dc2ca: Order must have minimum value of $10. asset=3,
2026-08-17T22:42:45.359Z,alert,,,,,,,,,Resize failed BTC 0129859f-b335-41c0-96dc-a8e3df8dc2ca: Order must have minimum value of $10. asset=3,
2026-08-17T22:43:05.779Z,alert,,,,,,,,,Resize failed BTC 0129859f-b335-41c0-96dc-a8e3df8dc2ca: Order must have minimum value of $10. asset=3,
2026-08-17T22:43:26.014Z,alert,,,,,,,,,Resize failed BTC 0129859f-b335-41c0-96dc-a8e3df8dc2ca: Order must have minimum value of $10. asset=3,
2026-08-17T22:43:46.179Z,alert,,,,,,,,,Resize failed BTC 0129859f-b335-41c0-96dc-a8e3df8dc2ca: Order must have minimum value of $10. asset=3,
2026-08-17T22:44:05.940Z,alert,,,,,,,,,Resize failed BTC 0129859f-b335-41c0-96dc-a8e3df8dc2ca: Order must have minimum value of $10. asset=3,
2026-08-17T22:44:25.671Z,alert,,,,,,,,,Resize failed BTC 0129859f-b335-41c0-96dc-a8e3df8dc2ca: Order must have minimum value of $10. asset=3,
2026-08-17T22:44:45.720Z,alert,,,,,,,,,Resize failed BTC 0129859f-b335-41c0-96dc-a8e3df8dc2ca: Order must have minimum value of $10. asset=3,
2026-08-17T22:45:05.816Z,alert,,,,,,,,,Resize failed BTC 0129859f-b335-41c0-96dc-a8e3df8dc2ca: Order must have minimum value of $10. asset=3,
2026-08-17T22:45:26.086Z,alert,,,,,,,,,Resize failed BTC 0129859f-b335-41c0-96dc-a8e3df8dc2ca: Order must have minimum value of $10. asset=3,
2026-08-17T22:45:46.064Z,alert,,,,,,,,,Resize failed BTC 0129859f-b335-41c0-96dc-a8e3df8dc2ca: Order must have minimum value of $10. asset=3,
2026-08-17T22:46:05.988Z,alert,,,,,,,,,Resize failed BTC 0129859f-b335-41c0-96dc-a8e3df8dc2ca: Order must have minimum value of $10. asset=3,
2026-08-17T22:46:25.667Z,alert,,,,,,,,,Resize failed BTC 0129859f-b335-41c0-96dc-a8e3df8dc2ca: Order must have minimum value of $10. asset=3,
2026-08-17T22:46:45.766Z,alert,,,,,,,,,Resize failed BTC 0129859f-b335-41c0-96dc-a8e3df8dc2ca: Order must have minimum value of $10. asset=3,
2026-08-17T22:47:05.820Z,alert,,,,,,,,,Resize failed BTC 0129859f-b335-41c0-96dc-a8e3df8dc2ca: Order must have minimum value of $10. asset=3,
2026-08-17T22:47:25.951Z,alert,,,,,,,,,Resize failed BTC 0129859f-b335-41c0-96dc-a8e3df8dc2ca: Order must have minimum value of $10. asset=3,
2026-08-17T22:47:45.854Z,alert,,,,,,,,,Resize failed BTC 0129859f-b335-41c0-96dc-a8e3df8dc2ca: Order must have minimum value of $10. asset=3,
2026-08-17T22:48:05.778Z,alert,,,,,,,,,Resize failed BTC 0129859f-b335-41c0-96dc-a8e3df8dc2ca: Order must have minimum value of $10. asset=3,
2026-08-17T22:48:26.057Z,alert,,,,,,,,,Resize failed BTC 0129859f-b335-41c0-96dc-a8e3df8dc2ca: Order must have minimum value of $10. asset=3,
2026-08-17T22:48:46.013Z,alert,,,,,,,,,Resize failed BTC 0129859f-b335-41c0-96dc-a8e3df8dc2ca: Order must have minimum value of $10. asset=3,
2026-08-17T22:49:06.079Z,alert,,,,,,,,,Resize failed BTC 0129859f-b335-41c0-96dc-a8e3df8dc2ca: Order must have minimum value of $10. asset=3,
2026-08-17T22:49:25.993Z,alert,,,,,,,,,Resize failed BTC 0129859f-b335-41c0-96dc-a8e3df8dc2ca: Order must have minimum value of $10. asset=3,
2026-08-17T22:49:46.497Z,alert,,,,,,,,,Resize failed BTC 0129859f-b335-41c0-96dc-a8e3df8dc2ca: Order must have minimum value of $10. asset=3,
2026-08-17T22:50:06.817Z,alert,,,,,,,,,Resize failed BTC 0129859f-b335-41c0-96dc-a8e3df8dc2ca: Order must have minimum value of $10. asset=3,
2026-08-17T22:50:26.556Z,alert,,,,,,,,,Resize failed BTC 0129859f-b335-41c0-96dc-a8e3df8dc2ca: Order must have minimum value of $10. asset=3,
2026-08-17T22:50:46.798Z,alert,,,,,,,,,Resize failed BTC 0129859f-b335-41c0-96dc-a8e3df8dc2ca: Order must have minimum value of $10. asset=3,
2026-08-17T22:51:07.136Z,alert,,,,,,,,,Resize failed BTC 0129859f-b335-41c0-96dc-a8e3df8dc2ca: Order must have minimum value of $10. asset=3,
2026-08-17T22:51:27.339Z,alert,,,,,,,,,Resize failed BTC 0129859f-b335-41c0-96dc-a8e3df8dc2ca: Order must have minimum value of $10. asset=3,
2026-08-17T22:51:47.335Z,alert,,,,,,,,,Resize failed BTC 0129859f-b335-41c0-96dc-a8e3df8dc2ca: Order must have minimum value of $10. asset=3,
2026-08-17T22:52:07.234Z,alert,,,,,,,,,Resize failed BTC 0129859f-b335-41c0-96dc-a8e3df8dc2ca: Order must have minimum value of $10. asset=3,
2026-08-17T22:52:27.464Z,alert,,,,,,,,,Resize failed BTC 0129859f-b335-41c0-96dc-a8e3df8dc2ca: Order must have minimum value of $10. asset=3,
2026-08-17T22:52:47.536Z,alert,,,,,,,,,Resize failed BTC 0129859f-b335-41c0-96dc-a8e3df8dc2ca: Order must have minimum value of $10. asset=3,
2026-08-17T22:53:07.546Z,alert,,,,,,,,,Resize failed BTC 0129859f-b335-41c0-96dc-a8e3df8dc2ca: Order must have minimum value of $10. asset=3,
2026-08-17T22:53:27.875Z,alert,,,,,,,,,Resize failed BTC 0129859f-b335-41c0-96dc-a8e3df8dc2ca: Order must have minimum value of $10. asset=3,
2026-08-17T22:53:47.933Z,alert,,,,,,,,,Resize failed BTC 0129859f-b335-41c0-96dc-a8e3df8dc2ca: Order must have minimum value of $10. asset=3,
2026-08-17T22:54:08.146Z,alert,,,,,,,,,Resize failed BTC 0129859f-b335-41c0-96dc-a8e3df8dc2ca: Order must have minimum value of $10. asset=3,
2026-08-17T22:54:28.497Z,alert,,,,,,,,,Resize failed BTC 0129859f-b335-41c0-96dc-a8e3df8dc2ca: Order must have minimum value of $10. asset=3,
2026-08-17T22:54:48.613Z,alert,,,,,,,,,Resize failed BTC 0129859f-b335-41c0-96dc-a8e3df8dc2ca: Order must have minimum value of $10. asset=3,
2026-08-17T22:55:09.146Z,alert,,,,,,,,,Resize failed BTC 0129859f-b335-41c0-96dc-a8e3df8dc2ca: Order must have minimum value of $10. asset=3,
2026-08-17T22:55:29.074Z,alert,,,,,,,,,Resize failed BTC 0129859f-b335-41c0-96dc-a8e3df8dc2ca: Order must have minimum value of $10. asset=3,
2026-08-17T22:55:49.550Z,alert,,,,,,,,,Resize failed BTC 0129859f-b335-41c0-96dc-a8e3df8dc2ca: Order must have minimum value of $10. asset=3,
2026-08-17T22:56:10.063Z,alert,,,,,,,,,Resize failed BTC 0129859f-b335-41c0-96dc-a8e3df8dc2ca: Order must have minimum value of $10. asset=3,
2026-08-17T22:56:29.765Z,alert,,,,,,,,,Resize failed BTC 0129859f-b335-41c0-96dc-a8e3df8dc2ca: Order must have minimum value of $10. asset=3,
2026-08-17T22:56:49.998Z,alert,,,,,,,,,Resize failed BTC 0129859f-b335-41c0-96dc-a8e3df8dc2ca: Order must have minimum value of $10. asset=3,
2026-08-17T22:57:09.749Z,alert,,,,,,,,,Resize failed BTC 0129859f-b335-41c0-96dc-a8e3df8dc2ca: Order must have minimum value of $10. asset=3,
2026-08-17T22:57:30.153Z,alert,,,,,,,,,Resize failed BTC 0129859f-b335-41c0-96dc-a8e3df8dc2ca: Order must have minimum value of $10. asset=3,
2026-08-17T22:57:50.293Z,alert,,,,,,,,,Resize failed BTC 0129859f-b335-41c0-96dc-a8e3df8dc2ca: Order must have minimum value of $10. asset=3,
2026-08-17T22:58:10.670Z,alert,,,,,,,,,Resize failed BTC 0129859f-b335-41c0-96dc-a8e3df8dc2ca: Order must have minimum value of $10. asset=3,
2026-08-17T22:58:31.191Z,alert,,,,,,,,,Resize failed BTC 0129859f-b335-41c0-96dc-a8e3df8dc2ca: Order must have minimum value of $10. asset=3,
2026-08-17T22:58:51.374Z,alert,,,,,,,,,Resize failed BTC 0129859f-b335-41c0-96dc-a8e3df8dc2ca: Order must have minimum value of $10. asset=3,
2026-08-17T22:59:11.365Z,alert,,,,,,,,,Resize failed BTC 0129859f-b335-41c0-96dc-a8e3df8dc2ca: Order must have minimum value of $10. asset=3,
2026-08-17T22:59:31.595Z,alert,,,,,,,,,Resize failed BTC 0129859f-b335-41c0-96dc-a8e3df8dc2ca: Order must have minimum value of $10. asset=3,
2026-08-17T22:59:51.955Z,alert,,,,,,,,,Resize failed BTC 0129859f-b335-41c0-96dc-a8e3df8dc2ca: Order must have minimum value of $10. asset=3,
2026-08-17T23:00:12.144Z,alert,,,,,,,,,Resize failed BTC 0129859f-b335-41c0-96dc-a8e3df8dc2ca: Order must have minimum value of $10. asset=3,
2026-08-17T23:00:32.590Z,alert,,,,,,,,,Resize failed BTC 0129859f-b335-41c0-96dc-a8e3df8dc2ca: Order must have minimum value of $10. asset=3,
2026-08-17T23:00:53.185Z,alert,,,,,,,,,Resize failed BTC 0129859f-b335-41c0-96dc-a8e3df8dc2ca: Order must have minimum value of $10. asset=3,
2026-08-17T23:01:13.360Z,alert,,,,,,,,,Resize failed BTC 0129859f-b335-41c0-96dc-a8e3df8dc2ca: Order must have minimum value of $10. asset=3,
2026-08-17T23:01:33.567Z,alert,,,,,,,,,Resize failed BTC 0129859f-b335-41c0-96dc-a8e3df8dc2ca: Order must have minimum value of $10. asset=3,
2026-08-17T23:01:53.995Z,alert,,,,,,,,,Resize failed BTC 0129859f-b335-41c0-96dc-a8e3df8dc2ca: Order must have minimum value of $10. asset=3,
2026-08-17T23:02:14.315Z,alert,,,,,,,,,Resize failed BTC 0129859f-b335-41c0-96dc-a8e3df8dc2ca: Order must have minimum value of $10. asset=3,
2026-08-17T23:02:34.379Z,alert,,,,,,,,,Resize failed BTC 0129859f-b335-41c0-96dc-a8e3df8dc2ca: Order must have minimum value of $10. asset=3,
2026-08-17T23:02:54.630Z,alert,,,,,,,,,Resize failed BTC 0129859f-b335-41c0-96dc-a8e3df8dc2ca: Order must have minimum value of $10. asset=3,
2026-08-17T23:03:15.036Z,alert,,,,,,,,,Resize failed BTC 0129859f-b335-41c0-96dc-a8e3df8dc2ca: Order must have minimum value of $10. asset=3,
2026-08-17T23:03:35.689Z,alert,,,,,,,,,Resize failed BTC 0129859f-b335-41c0-96dc-a8e3df8dc2ca: Order must have minimum value of $10. asset=3,
2026-08-17T23:03:55.758Z,alert,,,,,,,,,Resize failed BTC 0129859f-b335-41c0-96dc-a8e3df8dc2ca: Order must have minimum value of $10. asset=3,
2026-08-17T23:04:16.314Z,alert,,,,,,,,,Resize failed BTC 0129859f-b335-41c0-96dc-a8e3df8dc2ca: Order must have minimum value of $10. asset=3,
2026-08-17T23:04:36.451Z,alert,,,,,,,,,Resize failed BTC 0129859f-b335-41c0-96dc-a8e3df8dc2ca: Order must have minimum value of $10. asset=3,
2026-08-17T23:04:56.590Z,alert,,,,,,,,,Resize failed BTC 0129859f-b335-41c0-96dc-a8e3df8dc2ca: Order must have minimum value of $10. asset=3,
2026-08-17T23:05:17.493Z,alert,,,,,,,,,Resize failed BTC 0129859f-b335-41c0-96dc-a8e3df8dc2ca: Order must have minimum value of $10. asset=3,
2026-08-17T23:05:37.733Z,alert,,,,,,,,,Resize failed BTC 0129859f-b335-41c0-96dc-a8e3df8dc2ca: Order must have minimum value of $10. asset=3,
2026-08-17T23:05:58.370Z,alert,,,,,,,,,Resize failed BTC 0129859f-b335-41c0-96dc-a8e3df8dc2ca: Order must have minimum value of $10. asset=3,
2026-08-17T23:06:18.678Z,alert,,,,,,,,,Resize failed BTC 0129859f-b335-41c0-96dc-a8e3df8dc2ca: Order must have minimum value of $10. asset=3,
2026-08-17T23:06:39.083Z,alert,,,,,,,,,Resize failed BTC 0129859f-b335-41c0-96dc-a8e3df8dc2ca: Order must have minimum value of $10. asset=3,
2026-08-17T23:06:59.583Z,alert,,,,,,,,,Resize failed BTC 0129859f-b335-41c0-96dc-a8e3df8dc2ca: Order must have minimum value of $10. asset=3,
2026-08-17T23:07:20.012Z,alert,,,,,,,,,Resize failed BTC 0129859f-b335-41c0-96dc-a8e3df8dc2ca: Order must have minimum value of $10. asset=3,
2026-08-17T23:07:40.665Z,alert,,,,,,,,,Resize failed BTC 0129859f-b335-41c0-96dc-a8e3df8dc2ca: Order must have minimum value of $10. asset=3,
2026-08-17T23:08:01.300Z,alert,,,,,,,,,Resize failed BTC 0129859f-b335-41c0-96dc-a8e3df8dc2ca: Order must have minimum value of $10. asset=3,
2026-08-17T23:08:21.486Z,alert,,,,,,,,,Resize failed BTC 0129859f-b335-41c0-96dc-a8e3df8dc2ca: Order must have minimum value of $10. asset=3,
2026-08-17T23:08:41.985Z,alert,,,,,,,,,Resize failed BTC 0129859f-b335-41c0-96dc-a8e3df8dc2ca: Order must have minimum value of $10. asset=3,
2026-08-17T23:09:02.143Z,alert,,,,,,,,,Resize failed BTC 0129859f-b335-41c0-96dc-a8e3df8dc2ca: Order must have minimum value of $10. asset=3,
2026-08-17T23:09:22.290Z,alert,,,,,,,,,Resize failed BTC 0129859f-b335-41c0-96dc-a8e3df8dc2ca: Order must have minimum value of $10. asset=3,
2026-08-17T23:09:42.526Z,alert,,,,,,,,,Resize failed BTC 0129859f-b335-41c0-96dc-a8e3df8dc2ca: Order must have minimum value of $10. asset=3,
2026-08-17T23:10:02.813Z,alert,,,,,,,,,Resize failed BTC 0129859f-b335-41c0-96dc-a8e3df8dc2ca: Order must have minimum value of $10. asset=3,
2026-08-17T23:10:22.621Z,alert,,,,,,,,,Resize failed BTC 0129859f-b335-41c0-96dc-a8e3df8dc2ca: Order must have minimum value of $10. asset=3,
2026-08-17T23:10:43.049Z,alert,,,,,,,,,Resize failed BTC 0129859f-b335-41c0-96dc-a8e3df8dc2ca: Order must have minimum value of $10. asset=3,
2026-08-17T23:11:02.870Z,alert,,,,,,,,,Resize failed BTC 0129859f-b335-41c0-96dc-a8e3df8dc2ca: Order must have minimum value of $10. asset=3,
2026-08-17T23:11:22.844Z,alert,,,,,,,,,Resize failed BTC 0129859f-b335-41c0-96dc-a8e3df8dc2ca: Order must have minimum value of $10. asset=3,
2026-08-17T23:11:43.005Z,alert,,,,,,,,,Resize failed BTC 0129859f-b335-41c0-96dc-a8e3df8dc2ca: Order must have minimum value of $10. asset=3,
2026-08-17T23:12:02.878Z,alert,,,,,,,,,Resize failed BTC 0129859f-b335-41c0-96dc-a8e3df8dc2ca: Order must have minimum value of $10. asset=3,
2026-08-17T23:12:23.549Z,alert,,,,,,,,,Resize failed BTC 0129859f-b335-41c0-96dc-a8e3df8dc2ca: Order must have minimum value of $10. asset=3,
2026-08-17T23:12:43.376Z,alert,,,,,,,,,Resize failed BTC 0129859f-b335-41c0-96dc-a8e3df8dc2ca: Order must have minimum value of $10. asset=3,
2026-08-17T23:13:03.294Z,alert,,,,,,,,,Resize failed BTC 0129859f-b335-41c0-96dc-a8e3df8dc2ca: Order must have minimum value of $10. asset=3,
2026-08-17T23:13:23.524Z,alert,,,,,,,,,Resize failed BTC 0129859f-b335-41c0-96dc-a8e3df8dc2ca: Order must have minimum value of $10. asset=3,
2026-08-17T23:13:43.333Z,alert,,,,,,,,,Resize failed BTC 0129859f-b335-41c0-96dc-a8e3df8dc2ca: Order must have minimum value of $10. asset=3,
2026-08-17T23:14:03.800Z,alert,,,,,,,,,Resize failed BTC 0129859f-b335-41c0-96dc-a8e3df8dc2ca: Order must have minimum value of $10. asset=3,
2026-08-17T23:14:23.797Z,alert,,,,,,,,,Resize failed BTC 0129859f-b335-41c0-96dc-a8e3df8dc2ca: Order must have minimum value of $10. asset=3,
2026-08-17T23:14:43.504Z,alert,,,,,,,,,Resize failed BTC 0129859f-b335-41c0-96dc-a8e3df8dc2ca: Order must have minimum value of $10. asset=3,
2026-08-17T23:15:03.111Z,alert,,,,,,,,,Resize failed BTC 0129859f-b335-41c0-96dc-a8e3df8dc2ca: Order must have minimum value of $10. asset=3,
2026-08-17T23:15:23.108Z,alert,,,,,,,,,Resize failed BTC 0129859f-b335-41c0-96dc-a8e3df8dc2ca: Order must have minimum value of $10. asset=3,
2026-08-17T23:15:43.159Z,alert,,,,,,,,,Resize failed BTC 0129859f-b335-41c0-96dc-a8e3df8dc2ca: Order must have minimum value of $10. asset=3,
2026-08-17T23:16:03.220Z,alert,,,,,,,,,Resize failed BTC 0129859f-b335-41c0-96dc-a8e3df8dc2ca: Order must have minimum value of $10. asset=3,
2026-08-17T23:16:23.205Z,alert,,,,,,,,,Resize failed BTC 0129859f-b335-41c0-96dc-a8e3df8dc2ca: Order must have minimum value of $10. asset=3,
2026-08-17T23:16:43.393Z,alert,,,,,,,,,Resize failed BTC 0129859f-b335-41c0-96dc-a8e3df8dc2ca: Order must have minimum value of $10. asset=3,
2026-08-17T23:17:03.251Z,alert,,,,,,,,,Resize failed BTC 0129859f-b335-41c0-96dc-a8e3df8dc2ca: Order must have minimum value of $10. asset=3,
2026-08-17T23:17:22.974Z,alert,,,,,,,,,Resize failed BTC 0129859f-b335-41c0-96dc-a8e3df8dc2ca: Order must have minimum value of $10. asset=3,
2026-08-17T23:17:43.423Z,alert,,,,,,,,,Resize failed BTC 0129859f-b335-41c0-96dc-a8e3df8dc2ca: Order must have minimum value of $10. asset=3,
2026-08-17T23:18:03.674Z,alert,,,,,,,,,Resize failed BTC 0129859f-b335-41c0-96dc-a8e3df8dc2ca: Order must have minimum value of $10. asset=3,
2026-08-17T23:18:23.338Z,alert,,,,,,,,,Resize failed BTC 0129859f-b335-41c0-96dc-a8e3df8dc2ca: Order must have minimum value of $10. asset=3,
2026-08-17T23:18:43.162Z,alert,,,,,,,,,Resize failed BTC 0129859f-b335-41c0-96dc-a8e3df8dc2ca: Order must have minimum value of $10. asset=3,
2026-08-17T23:19:02.967Z,alert,,,,,,,,,Resize failed BTC 0129859f-b335-41c0-96dc-a8e3df8dc2ca: Order must have minimum value of $10. asset=3,
2026-08-17T23:19:22.913Z,alert,,,,,,,,,Resize failed BTC 0129859f-b335-41c0-96dc-a8e3df8dc2ca: Order must have minimum value of $10. asset=3,
2026-08-17T23:19:42.541Z,alert,,,,,,,,,Resize failed BTC 0129859f-b335-41c0-96dc-a8e3df8dc2ca: Order must have minimum value of $10. asset=3,
2026-08-17T23:20:02.675Z,alert,,,,,,,,,Resize failed BTC 0129859f-b335-41c0-96dc-a8e3df8dc2ca: Order must have minimum value of $10. asset=3,
2026-08-17T23:20:23.214Z,alert,,,,,,,,,Resize failed BTC 0129859f-b335-41c0-96dc-a8e3df8dc2ca: Order must have minimum value of $10. asset=3,
2026-08-17T23:20:42.798Z,alert,,,,,,,,,Resize failed BTC 0129859f-b335-41c0-96dc-a8e3df8dc2ca: Order must have minimum value of $10. asset=3,
2026-08-17T23:21:02.439Z,alert,,,,,,,,,Resize failed BTC 0129859f-b335-41c0-96dc-a8e3df8dc2ca: Order must have minimum value of $10. asset=3,
2026-08-17T23:21:22.515Z,alert,,,,,,,,,Resize failed BTC 0129859f-b335-41c0-96dc-a8e3df8dc2ca: Order must have minimum value of $10. asset=3,
2026-08-17T23:21:42.710Z,alert,,,,,,,,,Resize failed BTC 0129859f-b335-41c0-96dc-a8e3df8dc2ca: Order must have minimum value of $10. asset=3,
2026-08-17T23:22:03.264Z,alert,,,,,,,,,Resize failed BTC 0129859f-b335-41c0-96dc-a8e3df8dc2ca: Order must have minimum value of $10. asset=3,
2026-08-17T23:22:23.855Z,alert,,,,,,,,,Resize failed BTC 0129859f-b335-41c0-96dc-a8e3df8dc2ca: Order must have minimum value of $10. asset=3,
2026-08-17T23:22:44.153Z,alert,,,,,,,,,Resize failed BTC 0129859f-b335-41c0-96dc-a8e3df8dc2ca: Order must have minimum value of $10. asset=3,
2026-08-17T23:23:04.089Z,alert,,,,,,,,,Resize failed BTC 0129859f-b335-41c0-96dc-a8e3df8dc2ca: Order must have minimum value of $10. asset=3,
2026-08-17T23:23:23.972Z,alert,,,,,,,,,Resize failed BTC 0129859f-b335-41c0-96dc-a8e3df8dc2ca: Order must have minimum value of $10. asset=3,
2026-08-17T23:23:44.044Z,alert,,,,,,,,,Resize failed BTC 0129859f-b335-41c0-96dc-a8e3df8dc2ca: Order must have minimum value of $10. asset=3,
2026-08-17T23:24:04.351Z,alert,,,,,,,,,Resize failed BTC 0129859f-b335-41c0-96dc-a8e3df8dc2ca: Order must have minimum value of $10. asset=3,
2026-08-17T23:24:25.192Z,alert,,,,,,,,,Resize failed BTC 0129859f-b335-41c0-96dc-a8e3df8dc2ca: Order must have minimum value of $10. asset=3,
2026-08-17T23:24:45.156Z,alert,,,,,,,,,Resize failed BTC 0129859f-b335-41c0-96dc-a8e3df8dc2ca: Order must have minimum value of $10. asset=3,
2026-08-17T23:25:05.839Z,alert,,,,,,,,,Resize failed BTC 0129859f-b335-41c0-96dc-a8e3df8dc2ca: Order must have minimum value of $10. asset=3,
2026-08-17T23:25:26.237Z,alert,,,,,,,,,Resize failed BTC 0129859f-b335-41c0-96dc-a8e3df8dc2ca: Order must have minimum value of $10. asset=3,
2026-08-17T23:25:46.113Z,alert,,,,,,,,,Resize failed BTC 0129859f-b335-41c0-96dc-a8e3df8dc2ca: Order must have minimum value of $10. asset=3,
2026-08-17T23:26:06.344Z,alert,,,,,,,,,Resize failed BTC 0129859f-b335-41c0-96dc-a8e3df8dc2ca: Order must have minimum value of $10. asset=3,
2026-08-17T23:26:26.460Z,alert,,,,,,,,,Resize failed BTC 0129859f-b335-41c0-96dc-a8e3df8dc2ca: Order must have minimum value of $10. asset=3,
2026-08-17T23:26:46.124Z,alert,,,,,,,,,Resize failed BTC 0129859f-b335-41c0-96dc-a8e3df8dc2ca: Order must have minimum value of $10. asset=3,
2026-08-17T23:27:06.818Z,alert,,,,,,,,,Resize failed BTC 0129859f-b335-41c0-96dc-a8e3df8dc2ca: Order must have minimum value of $10. asset=3,
2026-08-17T23:27:26.820Z,alert,,,,,,,,,Resize failed BTC 0129859f-b335-41c0-96dc-a8e3df8dc2ca: Order must have minimum value of $10. asset=3,
2026-08-17T23:27:46.755Z,alert,,,,,,,,,Resize failed BTC 0129859f-b335-41c0-96dc-a8e3df8dc2ca: Order must have minimum value of $10. asset=3,
2026-08-17T23:28:07.059Z,alert,,,,,,,,,Resize failed BTC 0129859f-b335-41c0-96dc-a8e3df8dc2ca: Order must have minimum value of $10. asset=3,
2026-08-17T23:28:26.989Z,alert,,,,,,,,,Resize failed BTC 0129859f-b335-41c0-96dc-a8e3df8dc2ca: Order must have minimum value of $10. asset=3,
2026-08-17T23:28:47.525Z,alert,,,,,,,,,Resize failed BTC 0129859f-b335-41c0-96dc-a8e3df8dc2ca: Order must have minimum value of $10. asset=3,
2026-08-17T23:29:06.478Z,alert,,,,,,,,,Resize failed BTC 0129859f-b335-41c0-96dc-a8e3df8dc2ca: fetch failed,
2026-08-17T23:29:09.843Z,alert,,,,,,,,,copy tick failed: fetch failed,
2026-08-17T23:29:09.852Z,alert,,,,,,,,,copy tick failed: fetch failed,
2026-08-17T23:29:09.960Z,alert,,,,,,,,,copy tick failed: fetch failed,
2026-08-17T23:29:10.952Z,alert,,,,,,,,,copy tick failed: fetch failed,
2026-08-17T23:29:11.974Z,alert,,,,,,,,,copy tick failed: fetch failed,
2026-08-17T23:29:12.988Z,alert,,,,,,,,,copy tick failed: fetch failed,
2026-08-17T23:29:14.004Z,alert,,,,,,,,,copy tick failed: fetch failed,
2026-08-17T23:29:15.024Z,alert,,,,,,,,,copy tick failed: fetch failed,
2026-08-17T23:29:16.037Z,alert,,,,,,,,,copy tick failed: fetch failed,
2026-08-17T23:29:17.045Z,alert,,,,,,,,,copy tick failed: fetch failed,
2026-08-17T23:29:18.062Z,alert,,,,,,,,,copy tick failed: fetch failed,
2026-08-17T23:29:19.078Z,alert,,,,,,,,,copy tick failed: fetch failed,
2026-08-17T23:29:20.079Z,alert,,,,,,,,,copy tick failed: fetch failed,
2026-08-17T23:29:21.087Z,alert,,,,,,,,,copy tick failed: fetch failed,
2026-08-17T23:29:22.075Z,alert,,,,,,,,,copy tick failed: fetch failed,
2026-08-17T23:29:23.075Z,alert,,,,,,,,,copy tick failed: fetch failed,
2026-08-17T23:29:24.093Z,alert,,,,,,,,,copy tick failed: fetch failed,
2026-08-17T23:29:24.870Z,alert,,,,,,,,,copy tick failed: fetch failed,
2026-08-17T23:29:24.883Z,alert,,,,,,,,,copy tick failed: fetch failed,
2026-08-17T23:29:24.892Z,alert,,,,,,,,,copy tick failed: fetch failed,
2026-08-17T23:29:25.089Z,alert,,,,,,,,,copy tick failed: fetch failed,
2026-08-17T23:29:26.122Z,alert,,,,,,,,,copy tick failed: fetch failed,
2026-08-17T23:29:27.105Z,alert,,,,,,,,,copy tick failed: fetch failed,
2026-08-17T23:29:28.104Z,alert,,,,,,,,,copy tick failed: fetch failed,
2026-08-17T23:29:29.108Z,alert,,,,,,,,,copy tick failed: fetch failed,
2026-08-17T23:29:30.140Z,alert,,,,,,,,,copy tick failed: fetch failed,
2026-08-17T23:29:31.150Z,alert,,,,,,,,,copy tick failed: fetch failed,
2026-08-17T23:29:32.140Z,alert,,,,,,,,,copy tick failed: fetch failed,
2026-08-17T23:29:33.159Z,alert,,,,,,,,,copy tick failed: fetch failed,
2026-08-17T23:29:34.166Z,alert,,,,,,,,,copy tick failed: fetch failed,
2026-08-17T23:29:35.166Z,alert,,,,,,,,,copy tick failed: fetch failed,
2026-08-17T23:29:36.181Z,alert,,,,,,,,,copy tick failed: fetch failed,
2026-08-17T23:29:37.195Z,alert,,,,,,,,,copy tick failed: fetch failed,
2026-08-17T23:29:38.196Z,alert,,,,,,,,,copy tick failed: fetch failed,
2026-08-17T23:29:39.208Z,alert,,,,,,,,,copy tick failed: fetch failed,
2026-08-17T23:29:39.903Z,alert,,,,,,,,,copy tick failed: fetch failed,
2026-08-17T23:29:39.914Z,alert,,,,,,,,,copy tick failed: fetch failed,
2026-08-17T23:29:39.922Z,alert,,,,,,,,,copy tick failed: fetch failed,
2026-08-17T23:29:40.225Z,alert,,,,,,,,,copy tick failed: fetch failed,
2026-08-17T23:29:41.229Z,alert,,,,,,,,,copy tick failed: fetch failed,
2026-08-17T23:29:42.271Z,alert,,,,,,,,,copy tick failed: fetch failed,
2026-08-17T23:29:43.257Z,alert,,,,,,,,,copy tick failed: fetch failed,
2026-08-17T23:29:44.273Z,alert,,,,,,,,,copy tick failed: fetch failed,
2026-08-17T23:29:45.278Z,alert,,,,,,,,,copy tick failed: fetch failed,
2026-08-17T23:29:46.289Z,alert,,,,,,,,,copy tick failed: fetch failed,
2026-08-17T23:29:47.314Z,alert,,,,,,,,,copy tick failed: fetch failed,
2026-08-17T23:29:48.319Z,alert,,,,,,,,,copy tick failed: fetch failed,
2026-08-17T23:29:49.361Z,alert,,,,,,,,,copy tick failed: fetch failed,
2026-08-17T23:29:50.331Z,alert,,,,,,,,,copy tick failed: fetch failed,
2026-08-17T23:29:51.360Z,alert,,,,,,,,,copy tick failed: fetch failed,
2026-08-17T23:29:52.378Z,alert,,,,,,,,,copy tick failed: fetch failed,
2026-08-17T23:29:53.386Z,alert,,,,,,,,,copy tick failed: fetch failed,
2026-08-17T23:29:54.401Z,alert,,,,,,,,,copy tick failed: fetch failed,
2026-08-17T23:29:54.936Z,alert,,,,,,,,,copy tick failed: fetch failed,
2026-08-17T23:29:54.947Z,alert,,,,,,,,,copy tick failed: fetch failed,
2026-08-17T23:29:54.956Z,alert,,,,,,,,,copy tick failed: fetch failed,
2026-08-17T23:29:55.374Z,alert,,,,,,,,,copy tick failed: fetch failed,
2026-08-17T23:29:56.393Z,alert,,,,,,,,,copy tick failed: fetch failed,
2026-08-17T23:29:57.416Z,alert,,,,,,,,,copy tick failed: fetch failed,
2026-08-17T23:29:58.399Z,alert,,,,,,,,,copy tick failed: fetch failed,
2026-08-17T23:29:59.429Z,alert,,,,,,,,,copy tick failed: fetch failed,
2026-08-17T23:30:00.419Z,alert,,,,,,,,,copy tick failed: fetch failed,
2026-08-17T23:30:01.404Z,alert,,,,,,,,,copy tick failed: fetch failed,
2026-08-17T23:30:02.437Z,alert,,,,,,,,,copy tick failed: fetch failed,
2026-08-17T23:30:03.461Z,alert,,,,,,,,,copy tick failed: fetch failed,
2026-08-17T23:30:04.437Z,alert,,,,,,,,,copy tick failed: fetch failed,
2026-08-17T23:30:05.476Z,alert,,,,,,,,,copy tick failed: fetch failed,
2026-08-17T23:30:06.465Z,alert,,,,,,,,,copy tick failed: fetch failed,
2026-08-17T23:30:27.534Z,alert,,,,,,,,,Resize failed BTC 0129859f-b335-41c0-96dc-a8e3df8dc2ca: Order must have minimum value of $10. asset=3,
2026-08-17T23:30:47.693Z,alert,,,,,,,,,Resize failed BTC 0129859f-b335-41c0-96dc-a8e3df8dc2ca: Order must have minimum value of $10. asset=3,
2026-08-17T23:31:08.028Z,alert,,,,,,,,,Resize failed BTC 0129859f-b335-41c0-96dc-a8e3df8dc2ca: Order must have minimum value of $10. asset=3,
2026-08-17T23:31:28.236Z,alert,,,,,,,,,Resize failed BTC 0129859f-b335-41c0-96dc-a8e3df8dc2ca: Order must have minimum value of $10. asset=3,
2026-08-17T23:31:47.890Z,alert,,,,,,,,,Resize failed BTC 0129859f-b335-41c0-96dc-a8e3df8dc2ca: Order must have minimum value of $10. asset=3,
2026-08-17T23:32:08.343Z,alert,,,,,,,,,Resize failed BTC 0129859f-b335-41c0-96dc-a8e3df8dc2ca: Order must have minimum value of $10. asset=3,
2026-08-17T23:32:28.508Z,alert,,,,,,,,,Resize failed BTC 0129859f-b335-41c0-96dc-a8e3df8dc2ca: Order must have minimum value of $10. asset=3,
2026-08-17T23:32:48.617Z,alert,,,,,,,,,Resize failed BTC 0129859f-b335-41c0-96dc-a8e3df8dc2ca: Order must have minimum value of $10. asset=3,
2026-08-17T23:33:08.503Z,alert,,,,,,,,,Resize failed BTC 0129859f-b335-41c0-96dc-a8e3df8dc2ca: Order must have minimum value of $10. asset=3,
2026-08-17T23:33:28.427Z,alert,,,,,,,,,Resize failed BTC 0129859f-b335-41c0-96dc-a8e3df8dc2ca: Order must have minimum value of $10. asset=3,
2026-08-17T23:33:48.837Z,alert,,,,,,,,,Resize failed BTC 0129859f-b335-41c0-96dc-a8e3df8dc2ca: Order must have minimum value of $10. asset=3,
2026-08-17T23:33:53.747Z,resize,crypto_rocket,Main,BTC,short,0129859f-b335-41c0-96dc-a8e3df8dc2ca,0.9999698120935662,,0.00015999999999999999,,delta=-0.00002 minFallback=$10
2026-08-17T23:33:55.879Z,alert,,,,,,,,,"WE were liquidated on HL for BTC (copy f7a9e8c8-4e2e-45ef-99ec-b64f6352204f) — marked dead, will not reopen",
2026-08-17T23:33:55.880Z,our_liq,archiduc,Scalp Company,BTC,short,f7a9e8c8-4e2e-45ef-99ec-b64f6352204f,,,,HL position gone while Invo still open,
2026-08-17T23:33:55.883Z,alert,,,,,,,,,"WE were liquidated on HL for BTC (copy 0129859f-b335-41c0-96dc-a8e3df8dc2ca) — marked dead, will not reopen",
2026-08-17T23:33:55.885Z,our_liq,crypto_rocket,Main,BTC,short,0129859f-b335-41c0-96dc-a8e3df8dc2ca,,,,HL position gone while Invo still open,
2026-08-18T02:26:13.013Z,close,archiduc,Scalp Company,ETH,short,826f57ef-861a-41c9-9607-7c35ed17db31,,,,Invo position gone (close or liquidation),
2026-08-18T04:17:37.057Z,alert,,,,,,,,,copy tick failed: fetch failed,
2026-08-18T04:17:37.066Z,alert,,,,,,,,,copy tick failed: fetch failed,
2026-08-18T04:17:37.847Z,alert,,,,,,,,,copy tick failed: fetch failed,
2026-08-18T04:17:38.822Z,alert,,,,,,,,,copy tick failed: fetch failed,
2026-08-18T04:17:39.836Z,alert,,,,,,,,,copy tick failed: fetch failed,
2026-08-18T04:17:40.842Z,alert,,,,,,,,,copy tick failed: fetch failed,
2026-08-18T04:17:41.844Z,alert,,,,,,,,,copy tick failed: fetch failed,
2026-08-18T04:17:42.874Z,alert,,,,,,,,,copy tick failed: fetch failed,
2026-08-18T04:17:43.870Z,alert,,,,,,,,,copy tick failed: fetch failed,
2026-08-18T04:17:44.899Z,alert,,,,,,,,,copy tick failed: fetch failed,
2026-08-18T04:17:45.884Z,alert,,,,,,,,,copy tick failed: fetch failed,
2026-08-18T04:17:46.857Z,alert,,,,,,,,,copy tick failed: fetch failed,
2026-08-18T04:17:46.867Z,alert,,,,,,,,,copy tick failed: fetch failed,
2026-08-18T04:17:46.894Z,alert,,,,,,,,,copy tick failed: fetch failed,
2026-08-18T04:17:47.900Z,alert,,,,,,,,,copy tick failed: fetch failed,
2026-08-18T04:17:48.930Z,alert,,,,,,,,,copy tick failed: fetch failed,
2026-08-18T04:17:49.941Z,alert,,,,,,,,,copy tick failed: fetch failed,
2026-08-18T04:17:50.929Z,alert,,,,,,,,,copy tick failed: fetch failed,
2026-08-18T04:17:51.957Z,alert,,,,,,,,,copy tick failed: fetch failed,
2026-08-18T04:17:52.970Z,alert,,,,,,,,,copy tick failed: fetch failed,
2026-08-18T04:17:53.953Z,alert,,,,,,,,,copy tick failed: fetch failed,
2026-08-18T04:17:54.983Z,alert,,,,,,,,,copy tick failed: fetch failed,
2026-08-18T04:17:55.958Z,alert,,,,,,,,,copy tick failed: fetch failed,
2026-08-18T04:17:56.958Z,alert,,,,,,,,,copy tick failed: fetch failed,
2026-08-18T04:17:57.980Z,alert,,,,,,,,,copy tick failed: fetch failed,
2026-08-18T04:17:58.991Z,alert,,,,,,,,,copy tick failed: fetch failed,
2026-08-18T04:17:59.997Z,alert,,,,,,,,,copy tick failed: fetch failed,
2026-08-18T04:18:01.021Z,alert,,,,,,,,,copy tick failed: fetch failed,
2026-08-18T04:18:01.876Z,alert,,,,,,,,,copy tick failed: fetch failed,
2026-08-18T04:18:01.887Z,alert,,,,,,,,,copy tick failed: fetch failed,
2026-08-18T04:18:01.895Z,alert,,,,,,,,,copy tick failed: fetch failed,
2026-08-18T04:18:02.021Z,alert,,,,,,,,,copy tick failed: fetch failed,
2026-08-18T04:18:03.019Z,alert,,,,,,,,,copy tick failed: fetch failed,
2026-08-18T04:18:04.033Z,alert,,,,,,,,,copy tick failed: fetch failed,
2026-08-18T04:18:05.051Z,alert,,,,,,,,,copy tick failed: fetch failed,
2026-08-18T04:18:06.064Z,alert,,,,,,,,,copy tick failed: fetch failed,
2026-08-18T04:18:07.073Z,alert,,,,,,,,,copy tick failed: fetch failed,
2026-08-18T04:18:08.076Z,alert,,,,,,,,,copy tick failed: fetch failed,
2026-08-18T04:18:09.080Z,alert,,,,,,,,,copy tick failed: fetch failed,
2026-08-18T04:18:10.094Z,alert,,,,,,,,,copy tick failed: fetch failed,
2026-08-18T04:18:11.133Z,alert,,,,,,,,,copy tick failed: fetch failed,
2026-08-18T04:18:12.106Z,alert,,,,,,,,,copy tick failed: fetch failed,
2026-08-18T04:18:13.127Z,alert,,,,,,,,,copy tick failed: fetch failed,
2026-08-18T04:18:14.144Z,alert,,,,,,,,,copy tick failed: fetch failed,
2026-08-18T04:18:15.150Z,alert,,,,,,,,,copy tick failed: fetch failed,
2026-08-18T04:18:16.161Z,alert,,,,,,,,,copy tick failed: fetch failed,
2026-08-18T04:18:16.895Z,alert,,,,,,,,,copy tick failed: fetch failed,
2026-08-18T04:18:16.905Z,alert,,,,,,,,,copy tick failed: fetch failed,
2026-08-18T04:18:16.913Z,alert,,,,,,,,,copy tick failed: fetch failed,
2026-08-18T04:18:17.135Z,alert,,,,,,,,,copy tick failed: fetch failed,
2026-08-18T04:18:18.141Z,alert,,,,,,,,,copy tick failed: fetch failed,
2026-08-18T04:18:19.154Z,alert,,,,,,,,,copy tick failed: fetch failed,
2026-08-18T04:18:20.171Z,alert,,,,,,,,,copy tick failed: fetch failed,
2026-08-18T04:18:21.172Z,alert,,,,,,,,,copy tick failed: fetch failed,
2026-08-18T04:18:22.193Z,alert,,,,,,,,,copy tick failed: fetch failed,
2026-08-18T04:18:23.194Z,alert,,,,,,,,,copy tick failed: fetch failed,
2026-08-18T04:18:24.233Z,alert,,,,,,,,,copy tick failed: fetch failed,
2026-08-18T04:18:25.246Z,alert,,,,,,,,,copy tick failed: fetch failed,
2026-08-18T04:18:26.240Z,alert,,,,,,,,,copy tick failed: fetch failed,
2026-08-18T04:18:27.258Z,alert,,,,,,,,,copy tick failed: fetch failed,
2026-08-18T04:18:28.249Z,alert,,,,,,,,,copy tick failed: fetch failed,
2026-08-18T04:18:29.250Z,alert,,,,,,,,,copy tick failed: fetch failed,
2026-08-18T04:18:30.254Z,alert,,,,,,,,,copy tick failed: fetch failed,
2026-08-18T04:18:31.272Z,alert,,,,,,,,,copy tick failed: fetch failed,
2026-08-18T04:18:31.908Z,alert,,,,,,,,,copy tick failed: fetch failed,
2026-08-18T04:18:31.919Z,alert,,,,,,,,,copy tick failed: fetch failed,
2026-08-18T04:18:32.258Z,alert,,,,,,,,,copy tick failed: fetch failed,
2026-08-18T04:18:33.273Z,alert,,,,,,,,,copy tick failed: fetch failed,
2026-08-18T04:18:34.300Z,alert,,,,,,,,,copy tick failed: fetch failed,
2026-08-18T04:18:35.292Z,alert,,,,,,,,,copy tick failed: fetch failed,
2026-08-18T04:18:36.302Z,alert,,,,,,,,,copy tick failed: fetch failed,
2026-08-18T04:18:37.316Z,alert,,,,,,,,,copy tick failed: fetch failed,
2026-08-18T05:23:28.324Z,shutdown,,,,,,,,,"closed managed copies, remaining open=0",
2026-08-18T07:24:28.245Z,open,archiduc,Scalp Company,ETH,short,6c972d3f-9095-4818-b0fd-061f8f819bbf,1.0000020757005554,19,0.0053,,oid=57998358277 notional=$10.08 pct=$9.99 fallbackMin=$10
2026-08-18T08:43:18.539Z,alert,,,,,,,,,SKIP archiduc/Scalp Company HEMI short 25643f98-38dc-47a8-8c6b-62feb4a487ad: HL order failed: Order has invalid price.,
2026-08-18T08:43:18.539Z,skip,archiduc,Scalp Company,HEMI,short,25643f98-38dc-47a8-8c6b-62feb4a487ad,0.999993773757685,3,,HL order failed: Order has invalid price.,
2026-08-18T08:55:07.034Z,alert,,,,,,,,,copy tick failed: fetch failed,
2026-08-18T09:17:35.490Z,alert,,,,,,,,,SKIP archiduc/Scalp Company ARB short 301618b8-0769-4abf-8c74-485a42849099: HL order failed: Order has invalid price.,
2026-08-18T09:17:35.492Z,skip,archiduc,Scalp Company,ARB,short,301618b8-0769-4abf-8c74-485a42849099,0.9999700557023032,9,,HL order failed: Order has invalid price.,
2026-08-18T09:50:37.791Z,alert,,,,,,,,,copy tick failed: fetch failed,
2026-08-18T10:53:29.180Z,close,archiduc,Scalp Company,ETH,short,6c972d3f-9095-4818-b0fd-061f8f819bbf,,,,bot shutdown,
2026-08-18T10:53:29.182Z,shutdown,,,,,,,,,"closed managed copies, remaining open=0",
2026-08-18T10:53:46.551Z,open,archiduc,Scalp Company,ETH,short,6c972d3f-9095-4818-b0fd-061f8f819bbf,1.0000020757005554,19,0.0053,,oid=58004739007 notional=$10.06 pct=$9.99 fallbackMin=$10
2026-08-18T11:15:24.400Z,alert,,,,,,,,,copy tick failed: fetch failed,
2026-08-18T11:17:50.259Z,shutdown,,,,,,,,,left 1 HL position(s) open (ETH@1897.6),
2026-08-18T11:44:39.042Z,open,crypto_rocket,Main,BTC,short,30c01e0f-cf1e-45cf-b435-7a2ab84f5467,2,33,0.00031,,oid=58006158604 px=64142 notional=$19.88 pct=$19.97
2026-08-18T11:44:41.524Z,open,crypto_rocket,Main,ETH,short,ab3e4f00-1706-4d8a-b642-35ad5d5670e4,2,20,0.0105,,oid=58006159618 px=1904.9 notional=$20.00 pct=$19.96
2026-08-18T11:45:13.036Z,alert,,,,,,,,,SKIP crypto_rocket/Main SOL short bfbb5924-e1b3-4436-9752-6e4610a02f65: leverage 17x > HL max 10x,
2026-08-18T11:45:13.037Z,skip,crypto_rocket,Main,SOL,short,bfbb5924-e1b3-4436-9752-6e4610a02f65,1.9999364810384541,17,,leverage 17x > HL max 10x,
2026-08-18T12:00:55.210Z,shutdown,,,,,,,,,"left 3 HL position(s) open (ETH@1897.6, BTC@64142, ETH@1904.9)",
2026-08-18T12:01:10.662Z,alert,,,,,,,,,Retrying SOL bfbb5924-e1b3-4436-9752-6e4610a02f65 after skip (leverage 17x > HL max 10x),
2026-08-18T12:01:10.663Z,alert,,,,,,,,,Capped SOL bfbb5924-e1b3-4436-9752-6e4610a02f65 leverage 17x → HL max 10x,
2026-08-18T12:01:12.955Z,open,crypto_rocket,Main,SOL,short,bfbb5924-e1b3-4436-9752-6e4610a02f65,1.9999364810384541,10,0.26,,oid=58006601673 px=76.253 notional=$19.83 pct=$19.93 cappedLev=17x→10x
2026-08-18T12:18:23.402Z,shutdown,,,,,,,,,"left 4 HL position(s) open (ETH@1897.6, BTC@64142, ETH@1904.9, SOL@76.253)",
2026-08-18T13:01:27.375Z,close,crypto_rocket,Main,BTC,short,30c01e0f-cf1e-45cf-b435-7a2ab84f5467,,,,Invo position gone (close or liquidation),
2026-08-18T13:01:27.377Z,alert,,,,,,,,,HL has BTC position the bot did not open (left untouched),
2026-08-18T13:21:27.983Z,close,crypto_rocket,Main,ETH,short,ab3e4f00-1706-4d8a-b642-35ad5d5670e4,,,,Invo position gone (close or liquidation),
2026-08-18T13:21:29.415Z,close,crypto_rocket,Main,SOL,short,bfbb5924-e1b3-4436-9752-6e4610a02f65,,,,Invo position gone (close or liquidation),
2026-08-18T13:21:29.419Z,alert,,,,,,,,,HL has SOL position the bot did not open (left untouched),
2026-08-18T14:58:41.461Z,open,crypto_rocket,Main,BTC,short,498e689f-9718-42d0-8953-24d642a29d4a,2,33,0.00031,,oid=58012347553 px=64018 notional=$19.86 pct=$19.97
2026-08-18T14:58:43.860Z,open,crypto_rocket,Main,ETH,short,f54207a4-3d7a-4091-8458-29ceb00c1a5d,2,20,0.0104,,oid=58012348603 px=1912.1 notional=$19.89 pct=$19.96
2026-08-18T14:58:57.307Z,alert,,,,,,,,,Capped SOL 3fd9ac23-d3f9-417a-8bc8-a80fa93211af leverage 17x → HL max 10x,
2026-08-18T14:58:59.729Z,open,crypto_rocket,Main,SOL,short,3fd9ac23-d3f9-417a-8bc8-a80fa93211af,2.0004317702108296,10,0.26,,oid=58012355874 px=76.677 notional=$19.94 pct=$19.94 cappedLev=17x→10x
2026-08-18T16:26:46.203Z,open,archiduc,Scalp Company,VINE,short,e01af821-c10a-499c-8322-0f6a4001c5b4,1,3,1487,,oid=58015158984 px=0.006734 notional=$10.00 pct=$9.95 fallbackMin=$10
2026-08-18T16:27:57.396Z,close,archiduc,Scalp Company,VINE,short,e01af821-c10a-499c-8322-0f6a4001c5b4,,,,Invo position gone (close or liquidation),
2026-08-18T16:27:57.401Z,alert,,,,,,,,,HL has VINE position the bot did not open (left untouched),
2026-08-18T18:21:25.634Z,open,archiduc,Scalp Company,NEAR,long,9d4f56a1-fc88-4d58-a781-a44aa76ec665,1.00004744175502,9,6.3,,oid=58018550885 px=1.6089 notional=$10.11 pct=$9.95 fallbackMin=$10
2026-08-18T20:03:05.153Z,alert,,,,,,,,,copy tick failed: fetch failed (will retry),
2026-08-18T20:05:04.555Z,alert,,,,,,,,,HL recovered after: fetch failed,
2026-08-18T21:45:41.540Z,alert,,,,,,,,,copy tick failed: HL info HTTP 502 (will retry),
2026-08-18T21:46:14.585Z,alert,,,,,,,,,HL recovered after: HL info HTTP 502,
2026-08-19T00:50:59.206Z,close,crypto_rocket,Main,BTC,short,498e689f-9718-42d0-8953-24d642a29d4a,,,,Invo position gone (close or liquidation),
2026-08-19T06:12:39.894Z,open,crypto_rocket,Main,HEMI,short,e338bab1-2735-409e-895d-13bc4c8d4005,2,3,2355,,oid=58038717169 px=0.008401 notional=$19.89 pct=$19.88
2026-08-19T06:20:55.657Z,open,archiduc,Scalp Company,BTC,long,1533b9fd-ba62-4e8c-b79c-99c12d68a807,0.9999838958593582,27,0.00016,,oid=58038972126 px=64226 notional=$10.28 pct=$9.87 fallbackMin=$10
2026-08-19T06:35:33.380Z,shutdown,,,,,,,,,"left 6 HL position(s) open (ETH@1897.6, ETH@1912.1, SOL@76.677, NEAR@1.6089, HEMI@0.008401, BTC@64226)",
2026-08-19T07:01:20.078Z,close,archiduc,Scalp Company,NEAR,long,9d4f56a1-fc88-4d58-a781-a44aa76ec665,,,,Invo position gone (close or liquidation),
2026-08-19T07:01:20.081Z,alert,,,,,,,,,HL has NEAR position the bot did not open (left untouched),
2026-08-19T07:09:39.480Z,open,archiduc,Scalp Company,NEAR,short,56a10d57-c500-4570-90f9-0f03466baeae,1,9,6.3,,oid=58040455915 px=1.5913 notional=$10.08 pct=$9.88 fallbackMin=$10
2026-08-19T07:42:28.465Z,close,archiduc,Scalp Company,BTC,long,1533b9fd-ba62-4e8c-b79c-99c12d68a807,,,,Invo position gone (close or liquidation),
2026-08-19T07:52:00.014Z,open,archiduc,Scalp Company,BTC,short,1e6f311a-cc2f-488e-aa5e-52aefc33a1d7,0.9999860634271651,27,0.00016,,oid=58041699603 px=64342 notional=$10.29 pct=$9.87 fallbackMin=$10
2026-08-19T09:08:31.125Z,alert,,,,,,,,,copy tick failed: HL info HTTP 502 (will retry),
2026-08-19T09:09:03.681Z,alert,,,,,,,,,HL recovered after: HL info HTTP 502,
2026-08-19T09:12:39.262Z,close,crypto_rocket,Main,HEMI,short,e338bab1-2735-409e-895d-13bc4c8d4005,,,,Invo position gone (close or liquidation),
2026-08-19T09:12:39.265Z,alert,,,,,,,,,HL has HEMI position the bot did not open (left untouched),
2026-08-19T10:06:25.437Z,close,archiduc,Scalp Company,NEAR,short,56a10d57-c500-4570-90f9-0f03466baeae,,,,Invo position gone (close or liquidation),
2026-08-19T10:11:04.202Z,alert,,,,,,,,,Capped SOL b6e903a1-02b4-4c7c-85ba-1a6b4fa3e2d9 leverage 15x → HL max 10x,
2026-08-19T10:11:06.763Z,open,archiduc,Scalp Company,SOL,short,b6e903a1-02b4-4c7c-85ba-1a6b4fa3e2d9,0.9999701394573411,10,0.13,,oid=58045922299 px=77.157 notional=$10.03 pct=$9.96 fallbackMin=$10 cappedLev=15x→10x
2026-08-19T11:35:56.407Z,open,archiduc,Scalp Company,NEAR,short,9b3b7fe3-469e-4825-955c-706b4ebdfb5c,0.999999891396454,9,6.3,,oid=58048436814 px=1.6012 notional=$10.14 pct=$9.95 fallbackMin=$10
2026-08-19T12:04:14.357Z,resize,archiduc,Scalp Company,ETH,short,6c972d3f-9095-4818-b0fd-061f8f819bbf,2.0000000000000004,,0.010499999999999999,,delta=+0.0052
2026-08-19T12:50:15.697Z,resize,crypto_rocket,Main,SOL,short,3fd9ac23-d3f9-417a-8bc8-a80fa93211af,3.061647608416321,,0.39,,delta=+0.13
2026-08-19T13:07:45.301Z,open,crypto_rocket,Main,BTC,short,31473230-e76b-4da6-bc27-967881539da1,2,33,0.00031,,oid=58051453400 px=64688.5 notional=$20.05 pct=$19.84
2026-08-19T13:34:42.988Z,resize,archiduc,Scalp Company,ETH,short,6c972d3f-9095-4818-b0fd-061f8f819bbf,5.0119560768530755,,0.0257,,delta=+0.0152
2026-08-19T13:35:01.387Z,resize,crypto_rocket,Main,ETH,short,f54207a4-3d7a-4091-8458-29ceb00c1a5d,5.000051214613765,,0.025599999999999998,,delta=+0.0152
2026-08-19T13:35:02.757Z,resize,archiduc,Scalp Company,BTC,short,1e6f311a-cc2f-488e-aa5e-52aefc33a1d7,2.0015648056586346,,0.00032,,delta=+0.00016
2026-08-19T13:35:38.809Z,resize,archiduc,Scalp Company,SOL,short,b6e903a1-02b4-4c7c-85ba-1a6b4fa3e2d9,2.000517645660047,,0.26,,delta=+0.13
2026-08-19T13:40:19.881Z,resize_skip,crypto_rocket,Main,BTC,short,31473230-e76b-4da6-bc27-967881539da1,0.9944986109175149,,0.00031,trim $9.71 under HL min $10 — keeping HL size,
2026-08-19T13:45:20.735Z,resize_skip,crypto_rocket,Main,BTC,short,31473230-e76b-4da6-bc27-967881539da1,1.9988711489607922,,0.00031,trim $0.65 under HL min $10 — keeping HL size,
2026-08-19T13:50:40.007Z,shutdown,,,,,,,,,"left 7 HL position(s) open (ETH@1925.6295719844359, ETH@1926.6053125, SOL@77.254, BTC@64629.5, SOL@77.846, NEAR@1.6012, BTC@64688.5)",
2026-08-19T13:51:12.793Z,open,booobsas,$100 ➡️ $1M,BTC,short,e57f1fdf-3d77-4462-8b48-7dfb790d900d,2.0007626379811265,40,0.0003,,oid=58053051943 px=64910 notional=$19.48 pct=$19.75
2026-08-19T13:51:15.363Z,open,booobsas,$100 ➡️ $1M,CAKE,short,98f8e0a2-e5b0-473c-a1f7-9d20040cae77,1.500407601942132,3,9.6,,oid=58053053911 px=1.5447 notional=$14.84 pct=$14.81
2026-08-19T13:51:17.724Z,open,booobsas,$100 ➡️ $1M,ETH,short,89a3484f-efce-49c0-9b1b-28e8251a43cc,3.002172290093123,25,0.0153,,oid=58053055291 px=1931.03 notional=$29.56 pct=$29.48
2026-08-19T13:51:20.131Z,open,booobsas,$100 ➡️ $1M,FARTCOIN,short,f117566c-1626-46b9-875f-1e3fc354dfe9,1.7934898924870442,10,119.7,,oid=58053056688 px=0.14688 notional=$17.59 pct=$17.59
2026-08-19T13:51:40.176Z,alert,,,,,,,,,SKIP booobsas/$100 ➡️ $1M HBAR short 0091b319-418f-48a1-b1d8-a296254293bf: HL order failed: Order must have minimum value of $10. asset=101,
2026-08-19T13:51:40.177Z,skip,booobsas,$100 ➡️ $1M,HBAR,short,0091b319-418f-48a1-b1d8-a296254293bf,0.5000175687265138,5,,HL order failed: Order must have minimum value of $10. asset=101,
2026-08-19T13:52:00.090Z,alert,,,,,,,,,SKIP booobsas/$100 ➡️ $1M HEMI short bee1e6aa-3a63-466b-ad61-a95ee97117a2: HL order failed: Order must have minimum value of $10. asset=190,
2026-08-19T13:52:00.091Z,skip,booobsas,$100 ➡️ $1M,HEMI,short,bee1e6aa-3a63-466b-ad61-a95ee97117a2,1.0000264817328508,3,,HL order failed: Order must have minimum value of $10. asset=190,
2026-08-19T13:52:02.983Z,open,booobsas,$100 ➡️ $1M,POL,short,3a630468-2b7c-43ab-b860-4756e51586fc,0.4999980130210849,5,123,,oid=58053086448 px=0.08159 notional=$10.04 pct=$4.89 fallbackMin=$10
2026-08-19T13:52:02.987Z,alert,,,,,,,,,Capped SOL 67d468d5-64ad-4263-856e-76cf330faa69 leverage 20x → HL max 10x,
2026-08-19T13:52:05.374Z,open,booobsas,$100 ➡️ $1M,SOL,short,67d468d5-64ad-4263-856e-76cf330faa69,1.7024910825523987,10,0.21,,oid=58053087805 px=78.327 notional=$16.45 pct=$16.63 cappedLev=20x→10x
2026-08-19T13:52:08.009Z,open,booobsas,$100 ➡️ $1M,SPX,short,5a2f28d4-760f-468e-a9d9-877a29b38053,0.5000077961342366,5,31,,oid=58053089632 px=0.32319 notional=$10.03 pct=$4.88 fallbackMin=$10
2026-08-19T13:52:10.511Z,open,booobsas,$100 ➡️ $1M,SUI,long,1b0b0af6-f0ab-4785-aa92-1a8cc3ec2fbf,0.5000019105216806,10,15.3,,oid=58053091495 px=0.65496 notional=$10.02 pct=$4.87 fallbackMin=$10
2026-08-19T13:55:24.947Z,shutdown,,,,,,,,,"left 15 HL position(s) open (ETH@1925.6295719844359, ETH@1926.6053125, SOL@77.254, BTC@64629.5, SOL@77.846, NEAR@1.6012, BTC@64688.5, BTC@64910, CAKE@1.5447, ETH@1931.03, FARTCOIN@0.14688, POL@0.08159, SOL@78.327, SPX@0.32319, SUI@0.65496)",
2026-08-19T13:57:38.594Z,shutdown,,,,,,,,,"left 15 HL position(s) open (ETH@1925.6295719844359, ETH@1926.6053125, SOL@77.254, BTC@64629.5, SOL@77.846, NEAR@1.6012, BTC@64688.5, BTC@64910, CAKE@1.5447, ETH@1931.03, FARTCOIN@0.14688, POL@0.08159, SOL@78.327, SPX@0.32319, SUI@0.65496)",
2026-08-19T13:58:16.803Z,alert,,,,,,,,,HL has POL position the bot did not open (left untouched),
2026-08-19T13:58:16.804Z,alert,,,,,,,,,HL has FARTCOIN position the bot did not open (left untouched),
2026-08-19T13:58:16.806Z,alert,,,,,,,,,HL has SPX position the bot did not open (left untouched),
2026-08-19T14:00:36.040Z,shutdown,,,,,,,,,"left 12 HL position(s) open (ETH@1925.6295719844359, ETH@1926.6053125, SOL@77.254, BTC@64629.5, SOL@77.846, NEAR@1.6012, BTC@64688.5, BTC@64910, CAKE@1.5447, ETH@1931.03, SOL@78.327, SUI@0.65496)",
2026-08-19T14:05:12.090Z,shutdown,,,,,,,,,"left 12 HL position(s) open (ETH@1925.6295719844359, ETH@1926.6053125, SOL@77.254, BTC@64629.5, SOL@77.846, NEAR@1.6012, BTC@64688.5, BTC@64910, CAKE@1.5447, ETH@1931.03, SOL@78.327, SUI@0.65496)",
2026-08-19T14:05:44.185Z,baseline,,,,,,,,,ignored 10 new already-open Invo position(s) on startup,895a5d66-8591-4d8b-b2d8-9ab728af3ea2|e57f1fdf-3d77-4462-8b48-7dfb790d900d|98f8e0a2-e5b0-473c-a1f7-9d20040cae77|89a3484f-efce-49c0-9b1b-28e8251a43cc|f117566c-1626-46b9-875f-1e3fc354dfe9|0091b319-418f-48a1-b1d8-a296254293bf|bee1e6aa-3a63-466b-ad61-a95ee97117a2|3a630468-2b7c-43ab-b860-4756e51586fc|67d468d5-64ad-4263-856e-76cf330faa69|5a2f28d4-760f-468e-a9d9-877a29b38053|1b0b0af6-f0ab-4785-aa92-1a8cc3ec2fbf
2026-08-19T14:10:03.880Z,shutdown,,,,,,,,,left 0 HL position(s) open,
2026-08-19T15:11:27.698Z,open,booobsas,$100 ➡️ $1M,BTC,short,0563868b-94c7-48f5-9bc7-88565d9ed349,0.09992427672600862,40,0.00016,,oid=58056470145 px=66316 notional=$10.61 pct=$1.00 fallbackMin=$10
2026-08-19T15:15:38.506Z,open,booobsas,$100 ➡️ $1M,SOL,short,3f4ac212-efe6-4551-a804-2f71cb15be53,0.10008363611313893,10,0.13,,oid=58056688827 px=81.39 notional=$10.58 pct=$1.00 fallbackMin=$10
2026-08-19T15:18:31.486Z,open,booobsas,$100 ➡️ $1M,ETH,short,685985a9-cc21-4441-bdbf-6285af2a343f,0.1000194615947551,13,0.005,,oid=58056830199 px=2014 notional=$10.07 pct=$1.00 fallbackMin=$10
2026-08-19T15:26:30.734Z,close,booobsas,$100 ➡️ $1M,BTC,short,0563868b-94c7-48f5-9bc7-88565d9ed349,,,,Invo position gone (close or liquidation),
2026-08-19T15:31:39.869Z,alert,,,,,,,,,"WE were liquidated on HL for ETH (copy 685985a9-cc21-4441-bdbf-6285af2a343f) — marked dead, will not reopen",
2026-08-19T15:31:39.869Z,our_liq,booobsas,$100 ➡️ $1M,ETH,short,685985a9-cc21-4441-bdbf-6285af2a343f,,,,HL position gone while Invo still open,
2026-08-19T16:00:54.739Z,alert,,,,,,,,,SKIP booobsas/$100 ➡️ $1M kSHIB short abab9df4-104d-4d45-b393-f293bf0326ca: HL order failed: Order must have minimum value of $10. asset=29,
2026-08-19T16:00:54.740Z,skip,booobsas,$100 ➡️ $1M,kSHIB,short,abab9df4-104d-4d45-b393-f293bf0326ca,0.09982580193670525,10,,HL order failed: Order must have minimum value of $10. asset=29,
2026-08-19T16:01:14.191Z,alert,,,,,,,,,Capped kBONK da64e01c-0305-40ca-b77a-e75fb65b7b15 leverage 10x → HL max 5x,
2026-08-20T05:24:00.556Z,alert,,,,,,,,,"WE were liquidated on HL for SOL (copy 3f4ac212-efe6-4551-a804-2f71cb15be53) — marked dead, will not reopen",
2026-08-20T05:24:00.557Z,our_liq,booobsas,$100 ➡️ $1M,SOL,short,3f4ac212-efe6-4551-a804-2f71cb15be53,,,,HL position gone while Invo still open,
2026-08-20T05:24:04.016Z,open,booobsas,$100 ➡️ $1M,AERO,short,238b8825-4ff1-48df-a2b3-cb8a67b55100,0.3001045709067795,3,22,,oid=58092444785 px=0.46528 notional=$10.23 pct=$2.99 fallbackMin=$10
2026-08-20T05:24:06.271Z,open,booobsas,$100 ➡️ $1M,BTC,short,660d93eb-345b-4ae3-b8a6-f3fb4f85d9bf,0.10000964178243227,28,0.00015,,oid=58092445992 px=69587 notional=$10.44 pct=$0.99 fallbackMin=$10
2026-08-20T05:24:08.652Z,open,booobsas,$100 ➡️ $1M,NEAR,short,4476509f-1ec7-48e3-82f3-aa4cdf9add84,0.10005895278215496,10,5.9,,oid=58092447317 px=1.7101 notional=$10.12 pct=$0.99 fallbackMin=$10
2026-08-20T05:24:11.054Z,open,booobsas,$100 ➡️ $1M,WLD,short,b8aeff1c-6e57-45ad-9882-f5a0319f5d2e,1.8064834484892036,10,49.7,,oid=58092448602 px=0.36011 notional=$17.90 pct=$17.91
2026-08-20T05:27:28.588Z,alert,,,,,,,,,"WE were liquidated on HL for BTC (copy 660d93eb-345b-4ae3-b8a6-f3fb4f85d9bf) — marked dead, will not reopen",
2026-08-20T05:27:28.589Z,our_liq,booobsas,$100 ➡️ $1M,BTC,short,660d93eb-345b-4ae3-b8a6-f3fb4f85d9bf,,,,HL position gone while Invo still open,
2026-08-20T05:27:47.720Z,alert,,,,,,,,,"WE were liquidated on HL for AERO (copy 238b8825-4ff1-48df-a2b3-cb8a67b55100) — marked dead, will not reopen",
2026-08-20T05:27:47.720Z,our_liq,booobsas,$100 ➡️ $1M,AERO,short,238b8825-4ff1-48df-a2b3-cb8a67b55100,,,,HL position gone while Invo still open,
2026-08-20T05:27:47.722Z,alert,,,,,,,,,"WE were liquidated on HL for NEAR (copy 4476509f-1ec7-48e3-82f3-aa4cdf9add84) — marked dead, will not reopen",
2026-08-20T05:27:47.722Z,our_liq,booobsas,$100 ➡️ $1M,NEAR,short,4476509f-1ec7-48e3-82f3-aa4cdf9add84,,,,HL position gone while Invo still open,
2026-08-20T05:27:47.724Z,alert,,,,,,,,,"WE were liquidated on HL for WLD (copy b8aeff1c-6e57-45ad-9882-f5a0319f5d2e) — marked dead, will not reopen",
2026-08-20T05:27:47.724Z,our_liq,booobsas,$100 ➡️ $1M,WLD,short,b8aeff1c-6e57-45ad-9882-f5a0319f5d2e,,,,HL position gone while Invo still open,
2026-08-20T05:30:56.866Z,shutdown,,,,,,,,,left 0 HL position(s) open,
2026-08-20T05:31:16.113Z,baseline,,,,,,,,,ignored 5 new already-open Invo position(s) on startup,895a5d66-8591-4d8b-b2d8-9ab728af3ea2|e57f1fdf-3d77-4462-8b48-7dfb790d900d|98f8e0a2-e5b0-473c-a1f7-9d20040cae77|89a3484f-efce-49c0-9b1b-28e8251a43cc|f117566c-1626-46b9-875f-1e3fc354dfe9|0091b319-418f-48a1-b1d8-a296254293bf|bee1e6aa-3a63-466b-ad61-a95ee97117a2|3a630468-2b7c-43ab-b860-4756e51586fc|67d468d5-64ad-4263-856e-76cf330faa69|5a2f28d4-760f-468e-a9d9-877a29b38053|1b0b0af6-f0ab-4785-aa92-1a8cc3ec2fbf|238b8825-4ff1-48df-a2b3-cb8a67b55100|660d93eb-345b-4ae3-b8a6-f3fb4f85d9bf|4476509f-1ec7-48e3-82f3-aa4cdf9add84|3f4ac212-efe6-4551-a804-2f71cb15be53|b8aeff1c-6e57-45ad-9882-f5a0319f5d2e
2026-08-20T06:12:27.504Z,alert,,,,,,,,,WATCHDOG: copy-bot no heartbeat file — auto-restarting (fetcher is live),
2026-08-20T06:13:10.793Z,alert,,,,,,,,,SKIP booobsas/$100 ➡️ $1M CRV short 3b8dbe27-162f-456a-9dbe-eca06f64ee4d: coin not on Hyperliquid (CRV),
2026-08-20T06:13:10.794Z,skip,booobsas,$100 ➡️ $1M,CRV,short,3b8dbe27-162f-456a-9dbe-eca06f64ee4d,0.09999693196021046,10,,coin not on Hyperliquid (CRV),
2026-08-20T06:13:27.545Z,alert,,,,,,,,,WATCHDOG: copy-bot no heartbeat file — auto-restarting (fetcher is live),
2026-08-20T06:13:35.661Z,baseline,,,,,,,,,ignored 1 new already-open Invo position(s) on startup,895a5d66-8591-4d8b-b2d8-9ab728af3ea2|e57f1fdf-3d77-4462-8b48-7dfb790d900d|98f8e0a2-e5b0-473c-a1f7-9d20040cae77|89a3484f-efce-49c0-9b1b-28e8251a43cc|f117566c-1626-46b9-875f-1e3fc354dfe9|0091b319-418f-48a1-b1d8-a296254293bf|bee1e6aa-3a63-466b-ad61-a95ee97117a2|3a630468-2b7c-43ab-b860-4756e51586fc|67d468d5-64ad-4263-856e-76cf330faa69|5a2f28d4-760f-468e-a9d9-877a29b38053|1b0b0af6-f0ab-4785-aa92-1a8cc3ec2fbf|238b8825-4ff1-48df-a2b3-cb8a67b55100|660d93eb-345b-4ae3-b8a6-f3fb4f85d9bf|4476509f-1ec7-48e3-82f3-aa4cdf9add84|3f4ac212-efe6-4551-a804-2f71cb15be53|b8aeff1c-6e57-45ad-9882-f5a0319f5d2e|3b8dbe27-162f-456a-9dbe-eca06f64ee4d
2026-08-20T06:20:57.985Z,alert,,,,,,,,,WATCHDOG: copy-bot pid 21288 not running — please restart it manually (fetcher is live),
2026-08-20T06:21:13.142Z,shutdown,,,,,,,,,left 0 HL position(s) open,
2026-08-20T06:21:23.977Z,baseline,,,,,,,,,ignored 1 new already-open Invo position(s) on startup,895a5d66-8591-4d8b-b2d8-9ab728af3ea2|e57f1fdf-3d77-4462-8b48-7dfb790d900d|98f8e0a2-e5b0-473c-a1f7-9d20040cae77|89a3484f-efce-49c0-9b1b-28e8251a43cc|f117566c-1626-46b9-875f-1e3fc354dfe9|0091b319-418f-48a1-b1d8-a296254293bf|bee1e6aa-3a63-466b-ad61-a95ee97117a2|3a630468-2b7c-43ab-b860-4756e51586fc|67d468d5-64ad-4263-856e-76cf330faa69|5a2f28d4-760f-468e-a9d9-877a29b38053|1b0b0af6-f0ab-4785-aa92-1a8cc3ec2fbf|238b8825-4ff1-48df-a2b3-cb8a67b55100|660d93eb-345b-4ae3-b8a6-f3fb4f85d9bf|4476509f-1ec7-48e3-82f3-aa4cdf9add84|3f4ac212-efe6-4551-a804-2f71cb15be53|b8aeff1c-6e57-45ad-9882-f5a0319f5d2e|3b8dbe27-162f-456a-9dbe-eca06f64ee4d
2026-08-20T06:52:24.032Z,open,booobsas,$100 ➡️ $1M,PENGU,short,cfbaf98d-8fdb-45f1-838d-eb0bf99f1683,0.1000015218225318,5,1561,,oid=58095642829 px=0.006539 notional=$10.21 pct=$1.00 fallbackMin=$10
2026-08-20T07:07:10.996Z,open,booobsas,$100 ➡️ $1M,kSHIB,short,5cffbd57-42bc-429e-bdcd-b34ba9558a23,0.09999007721402947,10,2113,,oid=58096146751 px=0.004824 notional=$10.21 pct=$0.99 fallbackMin=$10
